cod_municipio,nome_municipio,M2019,M2021,I_imp,M2024,I_rec,I_EAD,pct_internet_2019,pct_banda_2019,pct_urbana_2019,ICT_2019,pct_banda_2024,pct_urbana_2024,pct_estadual_2024,ICT_2024,I_ERE,cod_regiao_interm,nome_regiao_interm
3100104,Abadia dos Dourados,1057,1029,-2.6490066225165565,969,-214.28571428571428,0.0,0.25,0.375,0.625,0.2916666666666667,0.33333334,0.5,0.16666666666666666,0.2777777810891469,147.6,3111,Uberlândia
3100203,Abaeté,4381,3923,-10.454234193106597,4018,20.74235807860262,3.5177160336477185,0.6086956521739131,0.8260869565217391,0.7391304347826086,0.7101449275362319,1.0,0.8421052631578947,0.15789473684210525,0.8421052631578947,128.83333333,3113,Divinópolis
3100302,Abre Campo,2515,2493,-0.8747514910536779,2415,-354.54545454545456,0.0,0.17647058823529413,0.8823529411764706,0.47058823529411764,0.43137254901960786,0.8888889,0.5,0.2222222222222222,0.7592592614668386,128.91666667,3106,Juíz de Fora
3100401,Acaiaca,968,961,-0.7231404958677686,860,-1442.857142857143,0.0,0.2857142857142857,0.8571428571428571,0.7142857142857143,0.6666666666666666,0.8333333,0.6666666666666666,0.3333333333333333,0.9444444378217062,233.0,3106,Juíz de Fora
3100500,Açucena,1666,1609,-3.4213685474189672,1435,-305.2631578947369,0.0,0.5,0.875,0.4375,0.7083333333333334,1.0,0.4666666666666667,0.3333333333333333,0.9333333333333332,110.92307692,3105,Ipatinga
3100609,Água Boa,3348,3315,-0.985663082437276,2983,-1006.060606060606,0.0,0.35,0.75,0.35,0.5833333333333334,0.52380955,0.3333333333333333,0.3333333333333333,0.46031746977851506,209.05555556,3103,Teófilo Otoni
3100708,Água Comprida,404,394,-2.4752475247524752,398,40.0,0.0,0.5,1.0,1.0,0.6666666666666666,1.0,1.0,0.5,0.8333333333333334,,3110,Uberaba
3100807,Aguanil,925,836,-9.621621621621621,940,116.85393258426966,0.0,0.16666666666666666,0.6666666666666666,0.5,0.4444444444444444,0.6666667,0.5,0.16666666666666666,0.5000000066227382,65.5,3108,Varginha
3100906,Águas Formosas,4445,4039,-9.133858267716535,4025,-3.4482758620689653,0.0,0.17391304347826086,0.43478260869565216,0.5652173913043478,0.31884057971014496,0.47619048,0.6190476190476191,0.2857142857142857,0.4444444449174972,269.0,3103,Teófilo Otoni
3101003,Águas Vermelhas,2800,2828,1.0,3118,100.0,0.0,0.29411764705882354,0.35294117647058826,0.5294117647058824,0.35294117647058826,0.7222222,0.6111111111111112,0.2222222222222222,0.5555555511403967,214.44444444,3103,Teófilo Otoni
3101102,Aimorés,4829,4578,-5.197763512114309,4755,70.5179282868526,0.0,0.21428571428571427,0.6071428571428571,0.7857142857142857,0.4523809523809524,0.96428573,0.8214285714285714,0.32142857142857145,0.7857142913909185,153.55555556,3104,Governador Valadares
3101201,Aiuruoca,939,909,-3.1948881789137378,884,-83.33333333333334,0.0,0.6666666666666666,0.8333333333333334,0.6666666666666666,0.7777777777777778,0.6666667,0.6666666666666666,0.16666666666666666,0.7222222288449606,227.0,3109,Pouso Alegre
3101300,Alagoa,432,426,-1.3888888888888888,458,533.3333333333333,0.0,0.3333333333333333,0.6666666666666666,1.0,0.5555555555555555,0.6666667,1.0,0.3333333333333333,0.8888888955116272,168.0,3109,Pouso Alegre
3101409,Albertina,597,615,3.015075376884422,638,100.0,0.0,1.0,0.5,1.0,0.5833333333333334,0.5,1.0,0.25,0.75,156.0,3109,Pouso Alegre
3101508,Além Paraíba,7077,6646,-6.090151194008761,7192,126.68213457076567,0.0,0.5151515151515151,0.8181818181818182,0.9696969696969697,0.6868686868686869,0.93333334,0.9666666666666667,0.16666666666666666,0.8222222235467699,82.157894737,3106,Juíz de Fora
3101607,Alfenas,16347,14946,-8.570379886217655,16180,88.07994289793005,0.0,0.40350877192982454,0.9649122807017544,0.9122807017543859,0.6491228070175439,1.0,0.9152542372881356,0.1864406779661017,0.824858757062147,99.875,3108,Varginha
3101631,Alfredo Vasconcelos,1243,1183,-4.827031375703942,1229,76.66666666666667,0.0,1.0,1.0,0.42857142857142855,1.0,1.0,0.42857142857142855,0.14285714285714285,0.9523809523809524,155.0,3107,Barbacena
3101706,Almenara,9645,8739,-9.393468118195957,9598,94.81236203090508,2.2885913720105275,0.3409090909090909,0.5909090909090909,0.5227272727272727,0.43939393939393945,0.925,0.6,0.175,0.6666666706403097,140.68,3103,Teófilo Otoni
3101805,Alpercata,1451,1321,-8.959338387319091,1328,5.384615384615385,0.0,0.2,0.9,0.7,0.46666666666666673,0.9,0.7,0.1,0.6999999920527141,120.5,3104,Governador Valadares
3101904,Alpinópolis,3709,3603,-2.8579131841466703,3907,286.79245283018867,9.93616430752151,0.42857142857142855,0.9285714285714286,0.8571428571428571,0.7142857142857143,0.85714287,0.8571428571428571,0.21428571428571427,0.8333333361716498,97.0,3108,Varginha
3102001,Alterosa,2645,2640,-0.1890359168241966,2471,-3379.9999999999995,0.0,0.6666666666666666,0.7777777777777778,1.0,0.7407407407407408,0.8888889,1.0,0.2222222222222222,0.9259259281335054,74.4,3108,Varginha
3102050,Alto Caparaó,1176,1249,6.207482993197279,1297,100.0,0.0,0.25,0.75,1.0,0.5,1.0,1.0,0.25,1.0,302.0,3106,Juíz de Fora
3102100,Alto Rio Doce,1952,1941,-0.5635245901639344,1830,-1009.0909090909091,0.0,0.2727272727272727,0.5454545454545454,0.5454545454545454,0.42424242424242425,0.875,0.75,0.375,0.6666666666666666,24.125,3107,Barbacena
3102209,Alvarenga,926,892,-3.6717062634989204,878,-41.17647058823529,0.0,0.9090909090909091,0.8181818181818182,0.2727272727272727,0.8181818181818182,1.0,0.42857142857142855,0.14285714285714285,0.7142857142857143,120.0,3105,Ipatinga
3102308,Alvinópolis,2713,2671,-1.5481017323995576,2585,-204.76190476190476,0.0,0.45454545454545453,0.9090909090909091,0.8181818181818182,0.6666666666666666,0.8181818,0.8181818181818182,0.36363636363636365,0.7878787860725865,146.33333333,3106,Juíz de Fora
3102407,Alvorada de Minas,1123,1061,-5.520926090828139,1051,-16.129032258064516,0.0,0.14285714285714285,0.8571428571428571,0.2857142857142857,0.42857142857142855,1.0,0.5714285714285714,0.2857142857142857,0.42857142857142855,75.166666667,3103,Teófilo Otoni
3102506,Amparo do Serra,840,806,-4.0476190476190474,747,-173.52941176470588,0.0,0.25,1.0,0.5,0.5,0.6,0.6,0.2,0.600000007947286,292.0,3106,Juíz de Fora
3102605,Andradas,7336,6853,-6.583969465648855,6957,21.532091097308488,0.0,0.5161290322580645,0.9354838709677419,0.7741935483870968,0.6881720430107526,1.0,0.7741935483870968,0.16129032258064516,0.881720430107527,89.666666667,3109,Pouso Alegre
3102704,Cachoeira de Pajeú,1885,1600,-15.119363395225463,1441,-55.78947368421052,0.0,0.09090909090909091,0.8181818181818182,0.36363636363636365,0.393939393939394,1.0,0.36363636363636365,0.2727272727272727,0.6666666666666666,284.0,3103,Teófilo Otoni
3102803,Andrelândia,2022,1932,-4.451038575667656,1943,12.222222222222221,0.0,0.625,0.75,1.0,0.7083333333333334,0.875,1.0,0.125,0.75,95.25,3106,Juíz de Fora
3102852,Angelândia,2059,1918,-6.847984458474989,1712,-146.09929078014184,0.0,0.0,1.0,0.75,0.4166666666666667,1.0,0.8,0.4,0.6,53.333333333,3103,Teófilo Otoni
3102902,Antônio Carlos,1746,1591,-8.877434135166094,1621,19.35483870967742,0.0,0.5333333333333333,0.7333333333333333,0.5333333333333333,0.6666666666666666,0.84615386,0.6153846153846154,0.23076923076923078,0.8461538492104946,303.66666667,3107,Barbacena
3103009,Antônio Dias,1888,1800,-4.661016949152542,1769,-35.22727272727273,0.0,0.2222222222222222,0.2777777777777778,0.16666666666666666,0.24074074074074073,1.0,0.16666666666666666,0.2222222222222222,0.5740740740740741,86.4375,3105,Ipatinga
3103108,Antônio Prado de Minas,340,304,-10.588235294117647,309,13.88888888888889,0.0,0.3333333333333333,1.0,0.6666666666666666,0.6666666666666666,1.0,0.6666666666666666,0.3333333333333333,1.0,154.0,3106,Juíz de Fora
3103207,Araçaí,465,452,-2.795698924731183,446,-46.15384615384615,0.0,0.5,1.0,1.0,0.6666666666666666,1.0,1.0,0.25,0.9166666666666666,284.0,3101,Belo Horizonte
3103306,Aracitaba,279,286,2.5089605734767026,289,100.0,0.0,0.5,1.0,1.0,0.6666666666666666,1.0,1.0,0.5,0.8333333333333334,,3106,Juíz de Fora
3103405,Araçuaí,7869,7467,-5.108654212733511,8319,211.94029850746267,0.7901432971742333,0.4222222222222222,0.7111111111111111,0.5333333333333333,0.5777777777777778,0.88095236,0.5238095238095238,0.2857142857142857,0.8412698337009975,179.2,3103,Teófilo Otoni
3103504,Araguari,23099,22263,-3.6192042945582057,23414,137.6794258373206,2.9151506984683104,0.3835616438356164,0.9726027397260274,0.9178082191780822,0.6894977168949771,0.9726027,0.9178082191780822,0.2602739726027397,0.8675799037767872,97.571428571,3111,Uberlândia
3103603,Arantina,629,577,-8.267090620031796,573,-7.6923076923076925,0.0,0.4,1.0,1.0,0.6666666666666666,0.75,1.0,0.25,0.6666666666666666,284.0,3106,Juíz de Fora
3103702,Araponga,1500,1471,-1.9333333333333333,1337,-462.0689655172414,0.0,0.5,0.9,0.3,0.5666666666666667,1.0,0.3,0.2,1.0,111.0,3106,Juíz de Fora
3103751,Araporã,1799,1822,1.2784880489160644,1913,100.0,0.0,0.5714285714285714,1.0,1.0,0.6666666666666666,1.0,1.0,0.14285714285714285,0.9047619047619048,42.666666667,3111,Uberlândia
3103801,Arapuá,507,508,0.19723865877712032,488,100.0,0.0,0.25,1.0,1.0,0.5833333333333334,1.0,1.0,0.25,1.0,107.0,3112,Patos de Minas
3103900,Araújos,1820,1927,5.879120879120879,1898,100.0,0.0,0.6666666666666666,1.0,1.0,0.8333333333333334,1.0,0.8571428571428571,0.14285714285714285,1.0,116.0,3113,Divinópolis
3104007,Araxá,24799,23606,-4.8106778499133025,27293,309.05280804694047,2.25366432262984,0.5,1.0,0.9342105263157895,0.6973684210526315,1.0,0.9397590361445783,0.12048192771084337,0.8755020080321286,109.41666667,3110,Uberaba
3104106,Arceburgo,1877,1728,-7.938199254128929,1661,-44.966442953020135,0.0,0.6,1.0,1.0,0.8000000000000002,1.0,1.0,0.2,0.8666666666666667,123.0,3108,Varginha
3104205,Arcos,8345,8052,-3.511084481725584,8812,259.3856655290102,6.209637357178341,0.6428571428571429,1.0,0.8928571428571429,0.7023809523809524,1.0,0.8928571428571429,0.21428571428571427,0.8214285714285715,137.26666667,3113,Divinópolis
3104304,Areado,2946,2933,-0.44127630685675495,2761,-1323.076923076923,0.0,0.7,1.0,1.0,0.7999999999999999,1.0,1.0,0.1,0.9,94.2,3108,Varginha
3104403,Argirita,533,537,0.7504690431519699,477,100.0,0.0,0.3333333333333333,1.0,1.0,0.5555555555555555,1.0,1.0,0.3333333333333333,0.7777777777777777,168.0,3106,Juíz de Fora
3104452,Aricanduva,1218,1163,-4.51559934318555,1156,-12.727272727272727,0.0,0.0,0.16666666666666666,0.6666666666666666,0.1111111111111111,0.16666667,0.6666666666666666,0.16666666666666666,0.2777777794334623,195.0,3103,Teófilo Otoni
3104502,Arinos,5371,4615,-14.075591137590765,5009,52.116402116402114,6.522210184182015,0.34615384615384615,0.5,0.6923076923076923,0.44871794871794873,0.7407407,0.7037037037037037,0.2222222222222222,0.7530864116586286,219.54545455,3112,Patos de Minas
3104601,Astolfo Dutra,2097,2088,-0.4291845493562232,2168,888.8888888888889,0.0,0.5,1.0,1.0,0.6666666666666666,0.8888889,1.0,0.3333333333333333,0.6666666688742461,105.66666667,3106,Juíz de Fora
3104700,Ataléia,2397,2355,-1.7521902377972465,2196,-378.57142857142856,0.8492569002123143,0.2857142857142857,0.5714285714285714,0.6666666666666666,0.3968253968253968,0.8947368,0.6842105263157895,0.3684210526315789,0.7543859596838031,86.25,3103,Teófilo Otoni
3104809,Augusto de Lima,967,907,-6.204756980351603,873,-56.666666666666664,0.0,1.0,1.0,1.0,1.0,1.0,1.0,0.3333333333333333,1.0,305.0,3101,Belo Horizonte
3104908,Baependi,3535,3182,-9.985855728429986,3186,1.13314447592068,0.0,0.6666666666666666,0.8888888888888888,0.6111111111111112,0.7777777777777777,0.8947368,0.631578947368421,0.21052631578947367,0.8245613982802943,205.84615385,3109,Pouso Alegre
3105004,Baldim,1499,1452,-3.135423615743829,1302,-319.1489361702128,0.0,0.3333333333333333,0.8888888888888888,0.6666666666666666,0.6296296296296297,1.0,0.7,0.2,0.6999999999999998,144.16666667,3101,Belo Horizonte
3105103,Bambuí,4821,4335,-10.080896079651524,4288,-9.670781893004115,3.3448673587081887,0.5714285714285714,0.8571428571428571,0.7619047619047619,0.7142857142857143,0.95238096,0.7619047619047619,0.14285714285714285,0.8095238104699151,228.5,3113,Divinópolis
3105202,Bandeira,855,764,-10.64327485380117,743,-23.076923076923077,0.0,0.14285714285714285,1.0,0.42857142857142855,0.7142857142857143,1.0,0.5,0.16666666666666666,0.9444444444444445,163.0,3103,Teófilo Otoni
3105301,Bandeira do Sul,1234,1197,-2.99837925445705,1296,267.5675675675676,0.0,0.6666666666666666,1.0,1.0,0.7777777777777777,1.0,1.0,0.3333333333333333,0.8888888888888888,48.0,3109,Pouso Alegre
3105400,Barão de Cocais,6961,6771,-2.729492888952737,7621,447.3684210526316,0.0,0.32,0.88,0.8,0.5466666666666666,0.95652175,0.8260869565217391,0.17391304347826086,0.7681159454843272,154.5,3101,Belo Horizonte
3105509,Barão de Monte Alto,1113,1095,-1.6172506738544474,954,-783.3333333333333,0.0,0.15384615384615385,0.5384615384615384,0.8461538461538461,0.358974358974359,0.84615386,0.8461538461538461,0.15384615384615385,0.4358974389540844,159.0,3106,Juíz de Fora
3105608,Barbacena,26285,24792,-5.680045653414495,28613,255.92766242464836,5.227492739593417,0.6144578313253012,0.9036144578313253,0.927710843373494,0.7590361445783133,0.954023,0.9195402298850575,0.20689655172413793,0.8544061352923454,116.76086957,3107,Barbacena
3105707,Barra Longa,868,892,2.7649769585253456,815,100.0,0.0,0.5,0.7142857142857143,0.2857142857142857,0.5476190476190477,0.6666667,0.3333333333333333,0.16666666666666666,0.5833333399560717,285.0,3106,Juíz de Fora
3105905,Barroso,4214,3977,-5.624110109159943,4112,56.9620253164557,0.0,0.8333333333333334,1.0,1.0,0.8703703703703703,1.0,1.0,0.2,0.8833333333333333,98.0,3107,Barbacena
3106002,Bela Vista de Minas,2101,2010,-4.33127082341742,1895,-126.37362637362637,0.0,0.4444444444444444,0.8888888888888888,0.8888888888888888,0.6296296296296297,1.0,1.0,0.375,0.8333333333333334,171.2,3105,Ipatinga
3106101,Belmiro Braga,682,719,5.425219941348973,626,100.0,0.0,0.3333333333333333,0.5,0.6666666666666666,0.611111111111111,0.5,0.6666666666666666,0.16666666666666666,0.6111111111111112,414.33333333,3106,Juíz de Fora
3106200,Belo Horizonte,521288,469820,-9.873237058976995,493898,46.78246677547214,1.374356136392661,0.4072553045859001,0.9815195071868583,1.0,0.6872005475701575,0.9897959,1.0,0.16763848396501457,0.870505346617036,61.623274162,3101,Belo Horizonte
3106309,Belo Oriente,5542,5214,-5.918440996030315,5323,33.23170731707317,0.0,0.5882352941176471,0.8823529411764706,0.8823529411764706,0.7254901960784315,1.0,0.9285714285714286,0.14285714285714285,0.9523809523809524,176.2,3105,Ipatinga
3106408,Belo Vale,1436,1433,-0.20891364902506965,1542,3633.3333333333335,0.0,0.6,0.8,0.5,0.7666666666666666,0.5,0.5,0.1,0.4333333333333333,138.44444444,3107,Barbacena
3106507,Berilo,2104,2003,-4.800380228136882,1708,-292.0792079207921,5.391912131802297,0.2222222222222222,0.37037037037037035,0.25925925925925924,0.3333333333333333,1.0,0.3333333333333333,0.38095238095238093,0.9206349206349206,124.17647059,3103,Teófilo Otoni
3106606,Bertópolis,1349,1595,18.235730170496662,1467,100.0,0.0,0.2857142857142857,0.2857142857142857,0.7142857142857143,0.2857142857142857,0.5,0.75,0.375,0.5833333333333334,119.75,3103,Teófilo Otoni
3106655,Berizal,1098,1054,-4.007285974499089,993,-138.63636363636365,0.0,0.14285714285714285,0.2857142857142857,0.5714285714285714,0.38095238095238093,0.2857143,0.7142857142857143,0.2857142857142857,0.3809523852098556,30.75,3102,Montes Claros
3106705,Betim,97512,90879,-6.802239724341619,99204,125.50881953867028,0.8274738938588673,0.5564853556485355,0.9581589958158996,0.9790794979079498,0.6889818688981868,0.9758065,0.9798387096774194,0.12096774193548387,0.8064516205941478,128.2815534,3101,Belo Horizonte
3106804,Bias Fortes,562,553,-1.601423487544484,511,-466.6666666666667,0.0,0.5,0.5,0.375,0.4166666666666667,0.375,0.375,0.125,0.3333333333333333,283.0,3106,Juíz de Fora
3106903,Bicas,2799,2602,-7.038227938549483,2697,48.223350253807105,0.0,0.42857142857142855,1.0,0.8571428571428571,0.6666666666666666,1.0,1.0,0.08333333333333333,0.8333333333333334,104.57142857,3106,Juíz de Fora
3107000,Biquinhas,387,389,0.516795865633075,418,100.0,0.0,0.5,0.5,1.0,0.6666666666666666,0.75,1.0,0.25,0.75,0.0,3113,Divinópolis
3107109,Boa Esperança,9068,8561,-5.591089545655051,8869,60.74950690335306,5.291437916131294,0.6,0.88,0.84,0.7466666666666667,0.9583333,0.875,0.25,0.7499999933772618,91.0,3108,Varginha
3107208,Bocaina de Minas,585,556,-4.957264957264957,585,100.0,0.0,0.0,0.25,0.625,0.16666666666666666,0.5,0.6666666666666666,0.16666666666666666,0.4444444444444444,317.0,3106,Juíz de Fora
3107307,Bocaiúva,11487,11394,-0.8096108644554715,11576,195.69892473118279,0.0,0.23404255319148937,0.5957446808510638,0.5957446808510638,0.4468085106382979,0.8780488,0.6341463414634146,0.2682926829268293,0.7642276413072416,175.875,3102,Montes Claros
3107406,Bom Despacho,10738,9940,-7.431551499348108,10746,101.00250626566417,5.774647887323944,0.5277777777777778,1.0,0.9722222222222222,0.75,1.0,0.9722222222222222,0.2777777777777778,0.8240740740740741,56.5625,3113,Divinópolis
3107505,Bom Jardim de Minas,1439,1388,-3.5441278665740095,1353,-68.62745098039215,0.0,0.3333333333333333,1.0,0.6666666666666666,0.6666666666666666,0.8333333,0.6666666666666666,0.16666666666666666,0.722222215599484,311.0,3106,Juíz de Fora
3107604,Bom Jesus da Penha,877,885,0.9122006841505131,901,100.0,0.0,0.6666666666666666,1.0,1.0,0.7777777777777777,1.0,1.0,0.3333333333333333,1.0,135.0,3108,Varginha
3107703,Bom Jesus do Amparo,1402,1426,1.7118402282453637,1075,100.0,0.0,0.14285714285714285,0.2857142857142857,0.42857142857142855,0.3333333333333333,0.33333334,0.5,0.3333333333333333,0.388888892200258,176.5,3101,Belo Horizonte
3107802,Bom Jesus do Galho,2696,2523,-6.416913946587536,2354,-97.6878612716763,0.0,0.5,0.5,0.9,0.5,0.6,0.9,0.5,0.5666666746139527,117.83333333,3105,Ipatinga
3107901,Bom Repouso,2237,2323,3.844434510505141,2601,100.0,0.0,0.5,0.5,0.625,0.5,1.0,0.6666666666666666,0.1111111111111111,0.9259259259259259,93.833333333,3109,Pouso Alegre
3108008,Bom Sucesso,3176,2925,-7.903022670025189,2856,-27.490039840637447,0.0,0.2857142857142857,0.7142857142857143,0.7857142857142857,0.5952380952380952,0.78571427,0.7857142857142857,0.14285714285714285,0.8095238038471767,313.88888889,3108,Varginha
3108107,Bonfim,1053,970,-7.88224121557455,990,24.096385542168676,0.0,0.0,0.2,0.8,0.13333333333333333,0.2,0.8,0.2,0.3333333343267441,110.0,3113,Divinópolis
3108206,Bonfinópolis de Minas,1556,1573,1.0925449871465296,1480,100.0,24.539097266369993,0.75,0.75,0.75,0.6666666666666666,1.0,0.875,0.25,0.9583333333333334,217.83333333,3112,Patos de Minas
3108255,Bonito de Minas,2370,2376,0.25316455696202533,2134,100.0,0.0,0.3333333333333333,0.5,0.16666666666666666,0.3703703703703704,0.7058824,0.17647058823529413,0.35294117647058826,0.7254902019220241,286.77777778,3102,Montes Claros
3108305,Borda da Mata,2894,2807,-3.0062197650310987,2780,-31.03448275862069,0.0,0.5454545454545454,0.7272727272727273,1.0,0.6969696969696969,0.75,1.0,0.25,0.7777777777777777,136.0,3109,Pouso Alegre
3108404,Botelhos,2922,2765,-5.373032169746749,2757,-5.095541401273886,0.0,0.2857142857142857,0.7857142857142857,0.8571428571428571,0.5714285714285715,0.8125,0.875,0.1875,0.5833333333333334,148.11111111,3109,Pouso Alegre
3108503,Botumirim,1529,1475,-3.5317200784826683,1346,-238.88888888888889,0.0,0.25,0.6666666666666666,0.5,0.4444444444444444,0.875,0.75,0.5,0.7083333333333334,270.55555556,3102,Montes Claros
3108552,Brasilândia de Minas,3875,4260,9.935483870967742,3944,100.0,0.0,0.4,0.8,0.9,0.6000000000000001,0.9166667,0.9166666666666666,0.25,0.7777777844005161,205.0,3112,Patos de Minas
3108602,Brasília de Minas,7242,7075,-2.3059928196630763,8032,573.0538922155689,7.010600706713781,0.5,0.8125,0.5625,0.625,0.9354839,0.6451612903225806,0.3548387096774194,0.9354838716086521,199.23809524,3102,Montes Claros
3108701,Brás Pires,839,754,-10.131108462455304,740,-16.470588235294116,0.0,0.6666666666666666,0.6666666666666666,0.6666666666666666,0.5555555555555555,0.6666667,0.6666666666666666,0.3333333333333333,0.7222222288449606,106.0,3106,Juíz de Fora
3108800,Braúnas,819,781,-4.63980463980464,662,-313.15789473684214,0.0,0.2,0.8,0.4,0.6,0.75,0.5,0.5,0.75,98.25,3105,Ipatinga
3108909,Brazópolis,3197,2773,-13.262433531435722,2733,-9.433962264150944,0.0,0.2,0.9333333333333333,0.8,0.6444444444444445,0.9285714,0.7142857142857143,0.35714285714285715,0.7619047533898127,131.71428571,3109,Pouso Alegre
3109006,Brumadinho,7700,7439,-3.3896103896103895,8072,242.52873563218392,0.0,0.6428571428571429,0.9642857142857143,0.5714285714285714,0.7619047619047619,0.8888889,0.5925925925925926,0.1111111111111111,0.901234570108814,46.4,3101,Belo Horizonte
3109105,Bueno Brandão,1631,1565,-4.04659717964439,1529,-54.54545454545454,0.0,0.8333333333333334,0.8333333333333334,0.8333333333333334,0.7222222222222223,0.8333333,0.8333333333333334,0.16666666666666666,0.7777777711550394,148.0,3109,Pouso Alegre
3109204,Buenópolis,1891,1879,-0.6345848757271285,1802,-641.6666666666667,0.0,0.5555555555555556,0.8888888888888888,0.7777777777777778,0.8148148148148149,1.0,0.7777777777777778,0.2222222222222222,0.7037037037037037,139.0,3101,Belo Horizonte
3109253,Bugre,675,593,-12.148148148148149,567,-31.70731707317073,0.0,0.25,0.75,0.5,0.5,1.0,0.5,0.5,0.75,47.0,3105,Ipatinga
3109303,Buritis,5999,5884,-1.9169861643607269,5754,-113.04347826086956,0.0,0.37037037037037035,0.8518518518518519,0.6666666666666666,0.617283950617284,0.8518519,0.6666666666666666,0.14814814814814814,0.7654321083316097,142.9047619,3112,Patos de Minas
3109402,Buritizeiro,5583,5450,-2.3822317750313453,5748,224.06015037593986,5.706422018348624,0.25,0.7857142857142857,0.6785714285714286,0.4761904761904761,0.8518519,0.7037037037037037,0.25925925925925924,0.5802469231464245,199.0,3102,Montes Claros
3109451,Cabeceira Grande,1559,1583,1.539448364336113,1504,100.0,0.0,0.5714285714285714,1.0,1.0,0.8095238095238094,1.0,1.0,0.2857142857142857,0.9523809523809524,158.0,3112,Patos de Minas
3109501,Cabo Verde,2133,1991,-6.657290201593999,1927,-45.07042253521127,0.0,0.6428571428571429,0.8571428571428571,0.8571428571428571,0.6904761904761904,1.0,0.9166666666666666,0.16666666666666666,0.888888888888889,80.0,3108,Varginha
3109600,Cachoeira da Prata,798,690,-13.533834586466165,630,-55.55555555555556,0.0,0.6666666666666666,1.0,1.0,0.8888888888888888,1.0,1.0,0.3333333333333333,1.0,156.0,3101,Belo Horizonte
3109709,Cachoeira de Minas,2176,2181,0.2297794117647059,2089,100.0,0.0,0.2222222222222222,0.8888888888888888,0.8888888888888888,0.6296296296296297,0.8888889,0.8888888888888888,0.3333333333333333,0.8888888910964683,158.75,3109,Pouso Alegre
3109808,Cachoeira Dourada,525,550,4.761904761904762,465,100.0,0.0,0.6666666666666666,0.6666666666666666,1.0,0.6666666666666666,1.0,1.0,0.3333333333333333,0.7777777777777777,0.0,3111,Uberlândia
3109907,Caetanópolis,2006,1935,-3.53938185443669,2055,169.01408450704224,0.0,1.0,1.0,0.875,1.0,0.7777778,0.8888888888888888,0.1111111111111111,0.8148148192299737,138.0,3101,Belo Horizonte
3110004,Caeté,8370,7769,-7.180406212664277,7881,18.63560732113145,0.0,0.25806451612903225,0.7741935483870968,0.8709677419354839,0.4946236559139785,0.96875,0.875,0.25,0.8020833333333334,138.5625,3101,Belo Horizonte
3110103,Caiana,989,969,-2.0222446916076846,895,-370.0,0.0,0.07692307692307693,0.15384615384615385,0.3076923076923077,0.12820512820512822,0.16666667,0.3333333333333333,0.08333333333333333,0.194444446100129,0.0,3106,Juíz de Fora
3110202,Cajuri,774,827,6.847545219638243,833,100.0,0.0,0.75,0.25,0.75,0.6666666666666666,0.4,0.8,0.2,0.7333333353201548,128.0,3106,Juíz de Fora
3110301,Caldas,2505,2469,-1.437125748502994,2513,122.22222222222223,7.573916565411097,0.26666666666666666,0.9333333333333333,0.8,0.6222222222222222,1.0,0.75,0.375,0.7083333333333334,10.2,3109,Pouso Alegre
3110400,Camacho,528,534,1.1363636363636365,498,100.0,0.0,0.6666666666666666,0.6666666666666666,1.0,0.5555555555555555,1.0,1.0,0.3333333333333333,1.0,103.0,3113,Divinópolis
3110509,Camanducaia,5576,5806,4.124820659971305,5757,100.0,13.641060971408889,0.23809523809523808,0.9523809523809523,0.8095238095238095,0.5396825396825397,1.0,0.8181818181818182,0.13636363636363635,0.7424242424242425,60.0,3109,Pouso Alegre
3110608,Cambuí,5393,4936,-8.473947709994437,5426,107.22100656455143,0.0,0.6666666666666666,1.0,0.7916666666666666,0.7777777777777777,0.9166667,0.7916666666666666,0.125,0.8472222288449606,93.75,3109,Pouso Alegre
3110707,Cambuquira,2479,2264,-8.672851956434044,2223,-19.069767441860467,0.0,0.3,1.0,0.9,0.6666666666666666,0.90909094,0.9090909090909091,0.18181818181818182,0.8484848575158553,310.16666667,3108,Varginha
3110806,Campanário,825,810,-1.8181818181818181,668,-946.6666666666666,0.0,0.25,1.0,1.0,0.5833333333333334,1.0,1.0,0.25,0.5833333333333334,284.0,3103,Teófilo Otoni
3110905,Campanha,3749,3503,-6.561749799946652,3471,-13.008130081300814,0.0,0.4375,0.875,0.9375,0.6875,0.85714287,0.9285714285714286,0.21428571428571427,0.7380952409335545,159.5,3108,Varginha
3111002,Campestre,3598,3388,-5.836575875486381,3327,-29.04761904761905,0.0,0.35294117647058826,0.8235294117647058,0.7058823529411765,0.6274509803921569,0.9230769,0.6153846153846154,0.15384615384615385,0.871794873323196,120.55555556,3109,Pouso Alegre
3111101,Campina Verde,3533,3390,-4.047551655816586,3659,188.1118881118881,10.14749262536873,0.4117647058823529,1.0,0.8235294117647058,0.6666666666666666,0.8947368,0.8421052631578947,0.2631578947368421,0.7543859596838031,111.5,3111,Uberlândia
3111150,Campo Azul,882,917,3.968253968253968,794,100.0,0.0,0.125,0.125,0.5,0.125,1.0,0.5,0.125,0.4583333333333333,284.0,3102,Montes Claros
3111200,Campo Belo,10600,10245,-3.349056603773585,10149,-27.042253521126757,12.249877989263055,0.7741935483870968,0.967741935483871,0.9032258064516129,0.8064516129032259,0.96666664,0.9333333333333333,0.23333333333333334,0.9222222129503885,126.6,3108,Varginha
3111309,Campo do Meio,2230,2156,-3.3183856502242155,2139,-22.972972972972975,0.0,0.45454545454545453,1.0,1.0,0.787878787878788,0.7,1.0,0.2,0.7666666626930237,56.333333333,3108,Varginha
3111408,Campo Florido,2014,2224,10.427010923535253,1979,100.0,0.0,0.16666666666666666,0.6666666666666666,0.6666666666666666,0.5,1.0,0.6666666666666666,0.16666666666666666,0.9444444444444445,113.0,3110,Uberaba
3111507,Campos Altos,3170,2738,-13.627760252365931,2769,7.175925925925926,0.0,0.38461538461538464,1.0,0.9230769230769231,0.641025641025641,1.0,0.9166666666666666,0.16666666666666666,0.6944444444444445,87.8,3110,Uberaba
3111606,Campos Gerais,5486,4986,-9.11410864017499,5143,31.4,0.0,0.35,0.65,0.75,0.48333333333333334,1.0,0.7368421052631579,0.15789473684210525,0.7719298245614036,119.33333333,3108,Varginha
3111705,Canaã,798,814,2.0050125313283207,857,100.0,0.0,1.0,1.0,0.5,0.9444444444444445,1.0,0.5,0.3333333333333333,0.9444444444444445,139.5,3106,Juíz de Fora
3111804,Canápolis,2130,2117,-0.6103286384976526,2025,-707.6923076923076,0.0,0.7,0.9,0.8,0.6666666666666666,1.0,1.0,0.25,0.8333333333333334,118.16666667,3111,Uberlândia
3111903,Cana Verde,952,909,-4.516806722689076,882,-62.7906976744186,0.0,0.25,0.5,0.75,0.4166666666666667,0.75,1.0,0.25,0.8333333333333334,140.0,3108,Varginha
3112000,Candeias,2296,2102,-8.449477351916377,2122,10.309278350515463,0.0,0.5555555555555556,0.5555555555555556,0.6666666666666666,0.5555555555555556,0.6666667,0.6666666666666666,0.2222222222222222,0.8148148214375531,105.66666667,3108,Varginha
3112059,Cantagalo,857,863,0.7001166861143524,894,100.0,0.0,0.14285714285714285,0.5714285714285714,0.42857142857142855,0.3333333333333333,0.5,0.5,0.16666666666666666,0.3333333333333333,120.83333333,3104,Governador Valadares
3112109,Caparaó,1078,1138,5.565862708719852,1078,100.0,0.0,0.3,0.5,0.4,0.3333333333333333,0.7,0.3,0.1,0.6666666626930237,153.33333333,3106,Juíz de Fora
3112208,Capela Nova,775,745,-3.870967741935484,641,-346.6666666666667,0.0,0.8181818181818182,0.9090909090909091,0.2727272727272727,0.7575757575757575,1.0,0.4444444444444444,0.1111111111111111,0.9259259259259259,168.0,3107,Barbacena
3112307,Capelinha,9569,9340,-2.3931445292089037,9497,68.5589519650655,4.025695931477516,0.3,0.5666666666666667,0.5666666666666667,0.43333333333333335,0.6969697,0.6666666666666666,0.3333333333333333,0.7575757545654219,67.909090909,3103,Teófilo Otoni
3112406,Capetinga,1327,1312,-1.1303692539562924,1211,-673.3333333333334,0.0,0.25,1.0,1.0,0.5833333333333334,1.0,1.0,0.2,0.8666666666666667,161.0,3108,Varginha
3112505,Capim Branco,1847,1784,-3.410936654033568,1756,-44.44444444444444,0.0,0.25,1.0,0.875,0.6666666666666666,1.0,0.8888888888888888,0.2222222222222222,0.7777777777777777,245.83333333,3101,Belo Horizonte
3112604,Capinópolis,2881,2828,-1.8396390142311696,3098,509.433962264151,0.0,0.625,1.0,1.0,0.7916666666666666,1.0,1.0,0.2222222222222222,0.8888888888888888,140.8,3111,Uberlândia
3112653,Capitão Andrade,1101,958,-12.98819255222525,985,18.88111888111888,0.0,1.0,0.6,0.6,0.6666666666666666,0.8,0.6,0.2,0.9333333373069763,73.5,3104,Governador Valadares
3112703,Capitão Enéas,3676,3580,-2.6115342763873777,3348,-241.66666666666666,0.0,0.23529411764705882,0.35294117647058826,0.7058823529411765,0.411764705882353,0.375,0.6875,0.25,0.7291666666666666,248.0,3102,Montes Claros
3112802,Capitólio,1663,1923,15.634395670475046,1902,100.0,0.0,0.5454545454545454,0.9090909090909091,0.6363636363636364,0.6969696969696969,1.0,0.7,0.2,0.8333333333333334,35.333333333,3108,Varginha
3112901,Caputira,1968,1910,-2.9471544715447155,1805,-181.0344827586207,0.0,0.25,0.16666666666666666,0.3333333333333333,0.25,0.18181819,0.36363636363636365,0.09090909090909091,0.3030303048365044,155.4,3106,Juíz de Fora
3113008,Caraí,5043,4778,-5.254808645647432,4119,-248.67924528301887,0.0,0.20588235294117646,0.5588235294117647,0.35294117647058826,0.37254901960784315,0.29032257,0.3870967741935484,0.16129032258064516,0.30107526593310857,175.95833333,3103,Teófilo Otoni
3113107,Caranaíba,538,511,-5.018587360594796,448,-233.33333333333334,0.0,0.0,0.4,0.4,0.20000000000000004,1.0,0.4,0.2,1.0,166.0,3107,Barbacena
3113206,Carandaí,4637,4417,-4.744446840629717,4319,-44.54545454545455,0.0,0.29411764705882354,1.0,0.8235294117647058,0.607843137254902,1.0,0.8333333333333334,0.16666666666666666,0.7222222222222222,179.83333333,3107,Barbacena
3113305,Carangola,6569,6261,-4.6886892982189075,6190,-23.051948051948052,0.0,0.3333333333333333,0.5,0.8095238095238095,0.42857142857142855,0.8974359,0.8205128205128205,0.20512820512820512,0.786324788362552,86.45,3106,Juíz de Fora
3113404,Caratinga,19385,18153,-6.355429455764766,18452,24.269480519480517,3.6247452211755635,0.43037974683544306,0.8860759493670886,0.8734177215189873,0.6244725738396624,1.0,0.8767123287671232,0.3150684931506849,0.7077625570776256,94.282051282,3105,Ipatinga
3113503,Carbonita,2037,1955,-4.025527736867943,1816,-169.5121951219512,0.0,0.45454545454545453,0.6363636363636364,0.5454545454545454,0.5454545454545454,0.6,0.5,0.2,0.5666666746139527,184.0,3103,Teófilo Otoni
3113602,Careaçu,1232,1252,1.6233766233766231,1231,100.0,0.0,0.6666666666666666,1.0,1.0,0.7777777777777777,1.0,1.0,0.3333333333333333,1.0,0.0,3109,Pouso Alegre
3113701,Carlos Chagas,3626,3516,-3.033645890788748,3350,-150.9090909090909,0.0,0.2727272727272727,0.5454545454545454,0.7272727272727273,0.4393939393939394,0.8,0.75,0.25,0.6666666706403097,97.928571429,3103,Teófilo Otoni
3113800,Carmésia,659,677,2.731411229135053,695,100.0,0.0,0.5,0.6666666666666666,0.6666666666666666,0.5555555555555555,0.875,0.625,0.5,0.7916666666666666,154.66666667,3101,Belo Horizonte
3113909,Carmo da Cachoeira,2686,2387,-11.131794489947879,2397,3.3444816053511706,0.0,0.3333333333333333,0.75,0.8333333333333334,0.5277777777777778,0.9166667,0.9166666666666666,0.16666666666666666,0.5833333399560716,92.166666667,3108,Varginha
3114006,Carmo da Mata,1926,1758,-8.722741433021806,1725,-19.642857142857142,0.0,0.3,0.9,0.8,0.7000000000000001,1.0,0.875,0.125,0.8333333333333334,127.5,3113,Divinópolis
3114105,Carmo de Minas,2784,2697,-3.125,4264,1801.1494252873565,0.0,0.35714285714285715,0.7142857142857143,0.6428571428571429,0.5,1.0,0.8181818181818182,0.18181818181818182,0.7575757575757575,0.0,3109,Pouso Alegre
3114204,Carmo do Cajuru,4812,4552,-5.403158769742311,4512,-15.384615384615385,0.0,0.5714285714285714,0.9523809523809523,0.8571428571428571,0.7777777777777777,1.0,0.9090909090909091,0.2727272727272727,0.7878787878787877,118.66666667,3113,Divinópolis
3114303,Carmo do Paranaíba,5721,5480,-4.212550253452194,5490,4.149377593360995,3.905109489051095,0.37037037037037035,0.8888888888888888,0.8888888888888888,0.5802469135802468,1.0,0.92,0.28,0.8799999999999999,152.8,3112,Patos de Minas
3114402,Carmo do Rio Claro,3782,3726,-1.4806980433633,3880,275.0,0.0,0.4375,0.875,0.6875,0.5833333333333334,0.85714287,0.6428571428571429,0.14285714285714285,0.5714285742668879,66.0,3108,Varginha
3114501,Carmópolis de Minas,3501,3501,0.0,3474,100.0,0.0,0.9090909090909091,1.0,0.8181818181818182,0.9393939393939394,1.0,0.8181818181818182,0.18181818181818182,0.9696969696969697,41.625,3113,Divinópolis
3114550,Carneirinho,1860,1944,4.516129032258064,1724,100.0,0.0,0.5555555555555556,1.0,1.0,0.7777777777777778,0.9,1.0,0.3,0.8666666587193808,153.0,3110,Uberaba
3114600,Carrancas,754,808,7.161803713527852,753,100.0,0.0,1.0,1.0,1.0,0.8888888888888888,1.0,1.0,0.3333333333333333,0.8888888888888888,316.0,3108,Varginha
3114709,Carvalhópolis,780,693,-11.153846153846155,633,-68.96551724137932,0.0,1.0,1.0,1.0,1.0,1.0,1.0,0.3333333333333333,1.0,143.0,3108,Varginha
3114808,Carvalhos,728,742,1.9230769230769231,743,100.0,0.0,0.0,0.6666666666666666,0.5,0.5,0.2857143,0.5714285714285714,0.14285714285714285,0.6190476233050938,148.0,3109,Pouso Alegre
3114907,Casa Grande,385,368,-4.415584415584416,334,-200.0,0.0,0.75,1.0,0.5,0.9166666666666666,0.75,0.5,0.25,0.75,288.0,3107,Barbacena
3115003,Cascalho Rico,497,474,-4.627766599597585,509,152.17391304347828,0.0,0.16666666666666666,1.0,0.8333333333333334,0.5,1.0,0.8571428571428571,0.14285714285714285,0.7142857142857143,204.0,3111,Uberlândia
3115102,Cássia,3526,3300,-6.4095292115711855,3421,53.53982300884957,0.0,0.38461538461538464,0.8461538461538461,0.8461538461538461,0.5128205128205129,0.8666667,0.8666666666666667,0.13333333333333333,0.9333333359824287,191.5,3108,Varginha
3115201,Conceição da Barra de Minas,591,595,0.676818950930626,560,100.0,0.0,0.6666666666666666,0.6666666666666666,1.0,0.6666666666666666,1.0,1.0,0.3333333333333333,1.0,302.0,3107,Barbacena
3115300,Cataguases,13437,12278,-8.625437225571183,12821,46.85073339085418,0.0,0.425531914893617,0.9361702127659575,1.0,0.6382978723404255,0.9574468,1.0,0.19148936170212766,0.7801418456625431,118.75862069,3106,Juíz de Fora
3115359,Catas Altas,1059,1049,-0.9442870632672332,1111,620.0,0.0,0.8333333333333334,0.8333333333333334,1.0,0.888888888888889,0.8333333,1.0,0.16666666666666666,0.8333333267105951,124.5,3101,Belo Horizonte
3115409,Catas Altas da Noruega,822,722,-12.165450121654501,636,-86.0,0.0,0.14285714285714285,0.14285714285714285,0.2857142857142857,0.19047619047619047,0.42857143,0.2857142857142857,0.14285714285714285,0.23809523951439626,204.2,3107,Barbacena
3115458,Catuji,2318,2213,-4.5297670405522,2009,-194.28571428571428,0.0,0.3333333333333333,0.6666666666666666,0.3333333333333333,0.3888888888888889,0.75,0.3333333333333333,0.16666666666666666,0.3611111111111111,0.0,3103,Teófilo Otoni
3115474,Catuti,1122,1020,-9.090909090909092,985,-34.31372549019608,0.0,0.2857142857142857,0.8571428571428571,0.5714285714285714,0.5238095238095238,1.0,0.7142857142857143,0.2857142857142857,0.8095238095238094,126.75,3102,Montes Claros
3115508,Caxambu,4464,4141,-7.235663082437275,4177,11.145510835913312,0.0,0.6111111111111112,0.7777777777777778,1.0,0.7962962962962963,1.0,1.0,0.23529411764705882,0.9411764705882352,88.333333333,3109,Pouso Alegre
3115607,Cedro do Abaeté,281,223,-20.640569395017792,185,-65.51724137931035,0.0,0.3333333333333333,1.0,1.0,0.5555555555555555,0.6666667,1.0,0.3333333333333333,0.666666673289405,102.0,3113,Divinópolis
3115706,Central de Minas,1183,1118,-5.4945054945054945,1105,-20.0,0.0,0.6666666666666666,1.0,1.0,0.7777777777777777,1.0,1.0,0.6666666666666666,0.7777777777777777,11.5,3104,Governador Valadares
3115805,Centralina,1606,1663,3.5491905354919058,1757,100.0,0.0,0.8333333333333334,1.0,1.0,0.888888888888889,1.0,1.0,0.3333333333333333,0.8333333333333334,149.33333333,3111,Uberlândia
3115904,Chácara,643,731,13.685847589424572,727,100.0,0.0,0.0,1.0,1.0,0.5555555555555555,1.0,1.0,0.3333333333333333,0.7777777777777777,,3106,Juíz de Fora
3116001,Chalé,1123,1127,0.3561887800534283,1512,100.0,0.0,0.1875,0.625,0.375,0.3958333333333333,0.625,0.375,0.25,0.5416666666666666,118.54545455,3106,Juíz de Fora
3116100,Chapada do Norte,2793,2433,-12.88936627282492,1980,-125.83333333333333,0.0,0.30434782608695654,0.391304347826087,0.34782608695652173,0.34782608695652173,0.52380955,0.5238095238095238,0.38095238095238093,0.5714285808896261,139.23076923,3103,Teófilo Otoni
3116159,Chapada Gaúcha,3217,3067,-4.6627292508548335,3226,106.0,0.0,0.4444444444444444,0.5555555555555556,0.3333333333333333,0.4259259259259259,0.9411765,0.35294117647058826,0.17647058823529413,0.8039215697961696,265.0,3102,Montes Claros
3116209,Chiador,514,595,15.758754863813229,612,100.0,0.0,0.5555555555555556,0.6666666666666666,0.5555555555555556,0.5185185185185185,1.0,0.42857142857142855,0.14285714285714285,0.9523809523809524,277.0,3106,Juíz de Fora
3116308,Cipotânea,996,966,-3.0120481927710845,893,-243.33333333333331,0.0,0.16666666666666666,0.16666666666666666,0.3333333333333333,0.16666666666666666,1.0,0.4,0.2,1.0,180.75,3107,Barbacena
3116407,Claraval,967,922,-4.653567735263702,942,44.44444444444444,0.0,0.5,0.6666666666666666,0.5,0.5555555555555555,0.6,0.6,0.2,0.5333333412806193,107.0,3108,Varginha
3116506,Claro dos Poções,1570,1550,-1.2738853503184715,1391,-795.0,0.0,0.7142857142857143,0.8571428571428571,0.8571428571428571,0.7619047619047619,0.71428573,0.8571428571428571,0.2857142857142857,0.7619047675813948,154.33333333,3102,Montes Claros
3116605,Cláudio,6041,5985,-0.9269988412514484,6276,519.6428571428571,0.0,0.6190476190476191,0.9523809523809523,0.8571428571428571,0.7619047619047619,1.0,0.85,0.15,0.8833333333333334,135.3,3113,Divinópolis
3116704,Coimbra,1449,1327,-8.41959972394755,1333,4.918032786885246,0.0,0.0,0.6666666666666666,1.0,0.4444444444444444,0.6666667,1.0,0.3333333333333333,0.4444444510671827,0.0,3106,Juíz de Fora
3116803,Coluna,1695,1662,-1.9469026548672566,1450,-642.4242424242424,0.0,0.14285714285714285,0.35714285714285715,0.42857142857142855,0.2619047619047619,0.33333334,0.5,0.25,0.3055555588669247,162.0,3104,Governador Valadares
3116902,Comendador Gomes,735,689,-6.258503401360545,616,-158.69565217391303,0.0,0.6666666666666666,1.0,1.0,0.7777777777777777,1.0,1.0,0.3333333333333333,0.8888888888888888,,3110,Uberaba
3117009,Comercinho,1523,1455,-4.4648719632304665,1276,-263.2352941176471,0.0,0.14285714285714285,0.2857142857142857,0.35714285714285715,0.21428571428571427,0.64285713,0.35714285714285715,0.14285714285714285,0.5476190447807312,139.77777778,3103,Teófilo Otoni
3117108,Conceição da Aparecida,1947,1753,-9.964047252182844,1922,87.11340206185567,0.0,0.3333333333333333,0.2222222222222222,0.6666666666666666,0.2962962962962963,0.25,0.75,0.25,0.625,147.0,3108,Varginha
3117207,Conceição das Pedras,455,463,1.7582417582417582,456,100.0,0.0,0.3333333333333333,1.0,1.0,0.5555555555555555,1.0,1.0,0.3333333333333333,0.8888888888888888,178.0,3109,Pouso Alegre
3117306,Conceição das Alagoas,6152,5841,-5.055266579973992,6189,111.89710610932475,0.0,0.26666666666666666,0.9333333333333333,1.0,0.5777777777777778,1.0,1.0,0.13333333333333333,0.9777777777777779,95.0,3110,Uberaba
3117405,Conceição de Ipanema,813,757,-6.888068880688807,782,44.642857142857146,0.0,0.6666666666666666,0.2222222222222222,0.3333333333333333,0.5925925925925926,1.0,0.3333333333333333,0.1111111111111111,0.7037037037037037,137.16666667,3106,Juíz de Fora
3117504,Conceição do Mato Dentro,5530,5436,-1.6998191681735986,5758,342.5531914893617,0.0,0.34615384615384615,0.6538461538461539,0.6923076923076923,0.4358974358974359,0.7586207,0.6896551724137931,0.2413793103448276,0.6321839046204227,110.0,3101,Belo Horizonte
3117603,Conceição do Pará,963,945,-1.8691588785046727,1022,427.77777777777777,0.0,0.14285714285714285,0.42857142857142855,0.2857142857142857,0.3333333333333333,0.71428573,0.2857142857142857,0.2857142857142857,0.4285714342480613,151.0,3113,Divinópolis
3117702,Conceição do Rio Verde,2944,2880,-2.1739130434782608,2627,-395.3125,0.0,0.3333333333333333,0.8333333333333334,0.8333333333333334,0.5833333333333334,0.90909094,0.9090909090909091,0.18181818181818182,0.7272727363037341,65.25,3109,Pouso Alegre
3117801,Conceição dos Ouros,2213,2235,0.9941256213285133,2080,100.0,0.0,1.0,0.75,0.875,0.875,0.75,0.875,0.125,0.8333333333333334,177.8,3109,Pouso Alegre
3117836,Cônego Marinho,1681,1650,-1.8441403926234383,1588,-200.0,0.0,0.2,0.2,0.25,0.21666666666666667,0.5882353,0.29411764705882354,0.29411764705882354,0.529411772886912,291.15384615,3102,Montes Claros
3117876,Confins,1474,1374,-6.7842605156037985,1432,57.99999999999999,0.0,0.7142857142857143,1.0,1.0,0.7142857142857143,1.0,1.0,0.16666666666666666,0.8333333333333334,118.5,3101,Belo Horizonte
3117900,Congonhal,1877,2067,10.122535961640915,2094,100.0,0.0,0.2,1.0,1.0,0.6666666666666666,1.0,1.0,0.2,0.8000000000000002,65.0,3109,Pouso Alegre
3118007,Congonhas,12613,12207,-3.218901133750892,12450,59.85221674876847,1.3762595232243795,0.6086956521739131,0.9347826086956522,1.0,0.7753623188405797,0.90909094,1.0,0.06818181818181818,0.8863636453946432,155.40625,3107,Barbacena
3118106,Congonhas do Norte,1053,941,-10.63627730294397,842,-88.39285714285714,0.0,0.0,0.25,0.5,0.16666666666666666,0.25,0.5,0.25,0.3333333333333333,0.0,3101,Belo Horizonte
3118205,Conquista,1352,1281,-5.2514792899408285,1256,-35.2112676056338,0.0,0.0,0.5,1.0,0.3333333333333333,0.8333333,1.0,0.16666666666666666,0.6666666600439283,314.0,3110,Uberaba
3118304,Conselheiro Lafaiete,27163,25172,-7.329823657180724,28417,162.98342541436463,2.331956141744796,0.4421052631578947,0.9157894736842105,0.9157894736842105,0.6456140350877193,0.95789474,0.9263157894736842,0.2,0.7473684229348835,117.46296296,3107,Barbacena
3118403,Conselheiro Pena,4313,4310,-0.06955715279387896,3976,-11133.333333333332,0.0,0.18181818181818182,0.6818181818181818,0.7727272727272727,0.4393939393939394,0.95454544,0.7727272727272727,0.22727272727272727,0.7424242370056383,205.33333333,3104,Governador Valadares
3118502,Consolação,305,279,-8.524590163934425,298,73.07692307692307,0.0,1.0,0.5,1.0,0.8333333333333334,0.33333334,1.0,0.3333333333333333,0.777777781089147,,3109,Pouso Alegre
3118601,Contagem,123383,116412,-5.649886937422497,120606,60.163534643523164,3.0374875442394256,0.4879725085910653,0.979381443298969,1.0,0.6827033218785795,0.98671097,1.0,0.12624584717607973,0.8914728689431352,111.70634921,3101,Belo Horizonte
3118700,Coqueiral,1656,1572,-5.072463768115942,1617,53.57142857142857,0.0,0.3076923076923077,0.38461538461538464,0.5384615384615384,0.3333333333333333,0.6666667,0.8888888888888888,0.1111111111111111,0.5185185251412568,118.0,3108,Varginha
3118809,Coração de Jesus,5384,5423,0.7243684992570579,5579,100.0,0.0,0.38095238095238093,0.5714285714285714,0.47619047619047616,0.4523809523809524,0.70731705,0.4878048780487805,0.4146341463414634,0.5609756034564196,80.892857143,3102,Montes Claros
3118908,Cordisburgo,1365,1286,-5.787545787545787,1219,-84.81012658227847,0.0,0.3,0.7,0.6,0.5,1.0,0.5714285714285714,0.42857142857142855,0.7619047619047619,69.5,3101,Belo Horizonte
3119005,Cordislândia,627,620,-1.1164274322169059,574,-657.1428571428571,0.0,0.3333333333333333,0.3333333333333333,1.0,0.5555555555555555,0.33333334,1.0,0.3333333333333333,0.4444444477558136,150.0,3108,Varginha
3119104,Corinto,4905,4469,-8.88888888888889,4820,80.5045871559633,2.14813157305885,0.42105263157894735,0.9473684210526315,0.9473684210526315,0.6491228070175438,1.0,0.9444444444444444,0.3888888888888889,0.888888888888889,137.625,3101,Belo Horizonte
3119203,Coroaci,1835,1766,-3.760217983651226,1653,-163.76811594202897,0.0,0.3125,0.375,0.5625,0.4166666666666667,0.6875,0.5625,0.25,0.625,284.0,3104,Governador Valadares
3119302,Coromandel,5494,5418,-1.383327266108482,5671,332.89473684210526,0.0,0.3448275862068966,0.5862068965517241,0.7586206896551724,0.5287356321839081,1.0,0.75,0.2857142857142857,0.9047619047619048,79.857142857,3112,Patos de Minas
3119401,Coronel Fabriciano,21859,20839,-4.66627018619333,20421,-40.98039215686274,6.14232928643409,0.603448275862069,1.0,0.9827586206896551,0.7471264367816092,1.0,0.9827586206896551,0.1896551724137931,0.896551724137931,35.03030303,3105,Ipatinga
3119500,Coronel Murta,1807,1732,-4.150525733259546,1621,-148.0,0.0,0.25,0.625,0.625,0.4583333333333333,0.8888889,0.5555555555555556,0.2222222222222222,0.7037037059112832,266.875,3103,Teófilo Otoni
3119609,Coronel Pacheco,516,460,-10.852713178294573,478,32.142857142857146,0.0,0.0,0.6,0.6,0.3333333333333333,1.0,0.75,0.25,0.8333333333333334,110.0,3106,Juíz de Fora
3119708,Coronel Xavier Chaves,663,613,-7.541478129713424,600,-26.0,0.0,1.0,1.0,1.0,1.0,1.0,1.0,0.5,1.0,,3107,Barbacena
3119807,Córrego Danta,450,447,-0.6666666666666667,375,-2400.0,0.0,0.5,0.8333333333333334,1.0,0.6666666666666666,1.0,1.0,0.2,0.9333333333333332,165.0,3113,Divinópolis
3119906,Córrego do Bom Jesus,734,751,2.316076294277929,913,100.0,0.0,1.0,1.0,1.0,1.0,1.0,1.0,0.25,0.9166666666666666,,3109,Pouso Alegre
3119955,Córrego Fundo,976,1018,4.30327868852459,1023,100.0,0.0,0.75,1.0,1.0,0.75,1.0,1.0,0.25,1.0,133.0,3113,Divinópolis
3120003,Córrego Novo,733,707,-3.547066848567531,624,-319.2307692307692,0.0,0.3333333333333333,1.0,1.0,0.5555555555555555,1.0,1.0,0.3333333333333333,0.5555555555555555,0.0,3105,Ipatinga
3120102,Couto de Magalhães de Minas,996,1034,3.815261044176707,963,100.0,0.0,0.2,1.0,1.0,0.6,1.0,1.0,0.4,1.0,137.0,3103,Teófilo Otoni
3120151,Crisólita,1227,1133,-7.660961695191524,1090,-45.744680851063826,0.0,0.3333333333333333,0.6666666666666666,1.0,0.4444444444444444,1.0,1.0,0.16666666666666666,0.7222222222222222,145.5,3103,Teófilo Otoni
3120201,Cristais,2180,2177,-0.13761467889908258,2197,666.6666666666667,0.0,0.2,0.5,0.8,0.39999999999999997,0.5,0.8,0.1,0.7666666666666666,111.33333333,3108,Varginha
3120300,Cristália,1398,1383,-1.0729613733905579,1276,-713.3333333333334,0.0,0.375,0.5,0.375,0.4166666666666667,0.6666667,0.5,0.3333333333333333,0.5555555621782938,,3102,Montes Claros
3120409,Cristiano Otoni,1019,936,-8.145240431795878,875,-73.49397590361446,0.0,0.2,0.6,0.8,0.4666666666666666,0.8,0.8,0.2,0.5333333373069763,176.33333333,3107,Barbacena
3120508,Cristina,1819,1690,-7.091808686091258,1665,-19.379844961240313,0.0,0.7,0.9,0.6,0.8000000000000002,1.0,0.6,0.1,1.0,53.375,3109,Pouso Alegre
3120607,Crucilândia,1004,939,-6.47410358565737,908,-47.69230769230769,0.0,0.5714285714285714,0.8571428571428571,0.7142857142857143,0.619047619047619,1.0,1.0,0.2,0.8000000000000002,100.0,3113,Divinópolis
3120706,Cruzeiro da Fortaleza,1207,1114,-7.705053852526926,1140,27.956989247311824,0.0,0.7142857142857143,1.0,1.0,0.8095238095238096,1.0,1.0,0.14285714285714285,0.8571428571428572,130.0,3112,Patos de Minas
3120805,Cruzília,2999,2826,-5.768589529843282,2894,39.30635838150289,0.0,0.38461538461538464,0.7692307692307693,0.8461538461538461,0.5384615384615384,1.0,0.9230769230769231,0.23076923076923078,0.7692307692307693,102.83333333,3109,Pouso Alegre
3120839,Cuparaque,839,823,-1.907032181168057,866,268.75,0.0,0.2857142857142857,0.5714285714285714,0.7142857142857143,0.38095238095238093,0.5714286,0.7142857142857143,0.2857142857142857,0.4285714370863778,285.75,3104,Governador Valadares
3120870,Curral de Dentro,1766,1870,5.889014722536806,1873,100.0,0.0,0.375,0.75,0.5,0.5,0.75,0.5,0.25,0.6666666666666666,207.0,3102,Montes Claros
3120904,Curvelo,17089,16252,-4.897887529990052,16568,37.753882915173236,3.8210681762244647,0.5333333333333333,0.8333333333333334,0.9166666666666666,0.6722222222222222,0.9375,0.921875,0.234375,0.84375,103.32142857,3101,Belo Horizonte
3121001,Datas,1315,1413,7.452471482889733,1404,100.0,0.0,0.42857142857142855,0.7142857142857143,0.42857142857142855,0.5714285714285714,1.0,0.5714285714285714,0.2857142857142857,1.0,0.0,3103,Teófilo Otoni
3121100,Delfim Moreira,1412,1352,-4.2492917847025495,1425,121.66666666666666,0.0,0.7142857142857143,1.0,0.5714285714285714,0.8571428571428572,1.0,0.625,0.25,0.9166666666666666,183.5,3109,Pouso Alegre
3121209,Delfinópolis,1561,1550,-0.7046764894298526,1667,1063.6363636363637,0.0,0.18181818181818182,0.6363636363636364,0.7272727272727273,0.30303030303030304,0.72727275,0.7272727272727273,0.09090909090909091,0.7272727344975327,144.0,3108,Varginha
3121258,Delta,2436,2673,9.729064039408868,2459,100.0,0.0,0.2,1.0,1.0,0.6,1.0,1.0,0.2,0.8666666666666667,,3110,Uberaba
3121308,Descoberto,958,869,-9.290187891440501,933,71.91011235955057,0.0,0.25,1.0,1.0,0.75,1.0,1.0,0.25,0.5833333333333334,315.0,3106,Juíz de Fora
3121407,Desterro de Entre Rios,1201,1263,5.162364696086595,1301,100.0,0.0,0.8888888888888888,1.0,0.6666666666666666,0.9629629629629629,1.0,0.7,0.3,0.9666666666666667,25.333333333,3107,Barbacena
3121506,Desterro do Melo,581,562,-3.2702237521514634,529,-173.6842105263158,0.0,0.6666666666666666,1.0,1.0,0.6666666666666666,1.0,1.0,0.3333333333333333,0.8888888888888888,165.0,3107,Barbacena
3121605,Diamantina,12037,10855,-9.819722522223145,11231,31.810490693739425,4.228466144633809,0.3898305084745763,0.7627118644067796,0.711864406779661,0.5423728813559322,1.0,0.9047619047619048,0.47619047619047616,0.8888888888888888,44.944444444,3103,Teófilo Otoni
3121704,Diogo de Vasconcelos,842,840,-0.23752969121140144,658,-9100.0,0.0,0.0,0.3333333333333333,0.5,0.27777777777777773,1.0,0.5714285714285714,0.14285714285714285,0.7619047619047619,302.0,3106,Juíz de Fora
3121803,Dionísio,1098,1074,-2.185792349726776,1021,-220.83333333333334,0.0,0.2,0.8,1.0,0.5333333333333333,0.8,1.0,0.6,0.7333333373069765,168.0,3105,Ipatinga
3121902,Divinésia,916,893,-2.5109170305676853,908,65.21739130434783,0.0,0.25,1.0,1.0,0.5,1.0,1.0,0.3333333333333333,1.0,140.0,3106,Juíz de Fora
3122009,Divino,4235,4229,-0.14167650531286896,4004,-3750.0,0.0,0.12,0.36,0.4,0.24,0.7619048,0.5238095238095238,0.19047619047619047,0.6825396872702099,144.8,3106,Juíz de Fora
3122108,Divino das Laranjeiras,912,898,-1.5350877192982455,830,-485.71428571428567,0.0,0.375,0.5,0.5,0.4583333333333333,0.625,0.5,0.5,0.5833333333333334,94.666666667,3104,Governador Valadares
3122207,Divinolândia de Minas,1606,1589,-1.0585305105853051,1560,-170.58823529411765,0.0,0.75,0.5,0.625,0.6666666666666666,0.71428573,0.5714285714285714,0.14285714285714285,0.7142857199623472,157.0,3104,Governador Valadares
3122306,Divinópolis,43713,40978,-6.256719968887974,44712,136.52650822669102,2.103567768070672,0.6742424242424242,0.9393939393939394,0.9696969696969697,0.7702020202020202,0.97761196,0.9701492537313433,0.2462686567164179,0.8830845833417788,71.506849315,3113,Divinópolis
3122355,Divisa Alegre,1784,1756,-1.5695067264573992,1715,-146.42857142857142,0.0,0.6666666666666666,0.6666666666666666,1.0,0.6666666666666666,1.0,1.0,0.3333333333333333,1.0,291.0,3103,Teófilo Otoni
3122405,Divisa Nova,1249,1264,1.200960768614892,1249,100.0,0.0,0.6666666666666666,1.0,0.8333333333333334,0.6666666666666666,1.0,1.0,0.2,0.7333333333333334,,3108,Varginha
3122454,Divisópolis,1857,1895,2.0463112547119007,1741,100.0,0.0,0.2857142857142857,0.7142857142857143,0.5714285714285714,0.4761904761904762,0.5714286,0.5714285714285714,0.14285714285714285,0.5714285799435207,285.25,3103,Teófilo Otoni
3122470,Dom Bosco,819,781,-4.63980463980464,741,-105.26315789473684,0.0,0.2,0.8,0.8,0.5333333333333333,1.0,0.8,0.2,0.8666666666666667,202.66666667,3112,Patos de Minas
3122504,Dom Cavati,995,888,-10.753768844221105,845,-40.18691588785047,0.0,0.3333333333333333,1.0,1.0,0.5555555555555555,1.0,1.0,0.3333333333333333,0.7777777777777777,84.0,3105,Ipatinga
3122603,Dom Joaquim,1136,1151,1.3204225352112675,1067,100.0,0.0,0.4444444444444444,0.5555555555555556,0.5555555555555556,0.4444444444444444,1.0,0.5555555555555556,0.3333333333333333,0.9259259259259259,147.66666667,3104,Governador Valadares
3122702,Dom Silvério,974,913,-6.262833675564681,838,-122.95081967213115,0.0,0.5,1.0,1.0,0.8333333333333334,1.0,1.0,0.25,0.9166666666666666,160.0,3106,Juíz de Fora
3122801,Dom Viçoso,567,548,-3.3509700176366843,553,26.31578947368421,0.0,0.5,1.0,0.5,0.6666666666666666,1.0,0.5,0.25,0.75,123.66666667,3109,Pouso Alegre
3122900,Dona Euzébia,1198,1122,-6.3439065108514185,1179,75.0,0.0,0.4,0.8,1.0,0.5333333333333333,1.0,1.0,0.5,0.9166666666666666,108.66666667,3106,Juíz de Fora
3123007,Dores de Campos,1655,1562,-5.619335347432024,1768,221.50537634408602,0.0,0.75,1.0,0.75,0.875,1.0,0.75,0.125,0.9583333333333334,54.0,3107,Barbacena
3123106,Dores de Guanhães,1216,1188,-2.302631578947368,1131,-203.57142857142856,0.0,0.5,0.5,0.5,0.6111111111111112,0.42857143,0.5714285714285714,0.42857142857142855,0.666666668085825,146.0,3104,Governador Valadares
3123205,Dores do Indaiá,2144,2008,-6.343283582089552,1891,-86.02941176470588,0.0,0.45454545454545453,0.9090909090909091,1.0,0.6969696969696969,0.8888889,1.0,0.1111111111111111,0.9259259281335054,61.6,3113,Divinópolis
3123304,Dores do Turvo,908,853,-6.057268722466961,908,100.0,0.0,0.3333333333333333,1.0,0.8333333333333334,0.5555555555555555,1.0,1.0,0.25,0.8333333333333334,0.0,3106,Juíz de Fora
3123403,Doresópolis,294,307,4.421768707482993,263,100.0,0.0,0.6666666666666666,1.0,1.0,0.8888888888888888,1.0,1.0,0.3333333333333333,0.8888888888888888,100.0,3108,Varginha
3123502,Douradoquara,284,291,2.464788732394366,271,100.0,0.0,0.5,1.0,1.0,0.6666666666666666,1.0,1.0,0.5,1.0,,3111,Uberlândia
3123528,Durandé,1608,1430,-11.069651741293532,1449,10.674157303370785,0.0,0.25,0.3333333333333333,0.3333333333333333,0.3333333333333333,0.33333334,0.3333333333333333,0.16666666666666666,0.3611111144224803,71.363636364,3106,Juíz de Fora
3123601,Elói Mendes,5185,5107,-1.5043394406943107,5011,-123.07692307692308,0.0,0.3,0.95,0.8,0.6,0.95,0.8,0.2,0.7499999960263569,110.33333333,3108,Varginha
3123700,Engenheiro Caldas,2081,2025,-2.691013935607881,1891,-239.28571428571428,0.0,0.3333333333333333,0.6666666666666666,1.0,0.5555555555555555,0.6666667,1.0,0.16666666666666666,0.6666666732894049,68.0,3104,Governador Valadares
3123809,Engenheiro Navarro,1253,1395,11.332801276935355,1352,100.0,0.0,0.4,1.0,0.8,0.6,1.0,0.75,0.25,0.75,251.0,3102,Montes Claros
3123858,Entre Folhas,1113,1072,-3.6837376460017968,1142,170.73170731707316,0.0,0.25,0.75,0.75,0.4166666666666667,1.0,1.0,0.3333333333333333,0.5555555555555555,163.0,3105,Ipatinga
3123908,Entre Rios de Minas,2887,2688,-6.892968479390371,2782,47.23618090452261,0.0,0.17647058823529413,0.5294117647058824,0.7058823529411765,0.43137254901960786,0.6666667,0.7333333333333333,0.26666666666666666,0.7333333399560716,286.9,3107,Barbacena
3124005,Ervália,4222,4083,-3.292278540975841,4203,86.33093525179856,2.6940974773450894,0.5,0.7222222222222222,0.5,0.6111111111111112,0.94736844,0.5789473684210527,0.15789473684210525,0.8421052704777634,102.41666667,3106,Juíz de Fora
3124104,Esmeraldas,15513,15000,-3.3069038870624636,16129,220.07797270955166,0.0,0.36363636363636365,0.5681818181818182,0.6363636363636364,0.48484848484848486,0.75555557,0.6666666666666666,0.24444444444444444,0.6962963011529711,149.42857143,3101,Belo Horizonte
3124203,Espera Feliz,5543,5414,-2.3272596067111673,5565,117.05426356589147,5.264130033247137,0.3870967741935484,0.4838709677419355,0.3870967741935484,0.44086021505376344,0.79310346,0.41379310344827586,0.20689655172413793,0.7126436809013631,33.9375,3106,Juíz de Fora
3124302,Espinosa,6601,6719,1.7876079381911831,6556,100.0,0.0,0.3958333333333333,0.5208333333333334,0.375,0.5,0.9285714,0.4523809523809524,0.2857142857142857,0.9206349121199713,68.657142857,3102,Montes Claros
3124401,Espírito Santo do Dourado,1146,1288,12.390924956369982,1465,100.0,0.0,0.3333333333333333,0.8333333333333334,0.5,0.6111111111111112,0.8333333,0.5,0.16666666666666666,0.722222215599484,49.75,3109,Pouso Alegre
3124500,Estiva,1904,1854,-2.6260504201680672,1932,156.0,0.0,0.25,1.0,0.625,0.7083333333333334,1.0,0.5555555555555556,0.2222222222222222,0.7777777777777777,174.71428571,3109,Pouso Alegre
3124609,Estrela Dalva,528,489,-7.386363636363637,459,-76.92307692307693,0.0,0.3333333333333333,0.3333333333333333,1.0,0.3333333333333333,0.33333334,1.0,0.3333333333333333,0.6666666699780358,308.0,3106,Juíz de Fora
3124708,Estrela do Indaiá,477,417,-12.578616352201259,382,-58.333333333333336,0.0,0.5,0.75,1.0,0.5833333333333334,0.75,1.0,0.25,0.5833333333333334,95.0,3113,Divinópolis
3124807,Estrela do Sul,1205,1215,0.8298755186721992,1246,100.0,0.0,0.25,0.9166666666666666,0.75,0.5277777777777778,1.0,0.8,0.3,0.6666666666666666,170.5,3111,Uberlândia
3124906,Eugenópolis,1882,1918,1.9128586609989375,1764,100.0,0.0,0.4,1.0,0.9,0.6,0.90909094,0.9090909090909091,0.18181818181818182,0.8484848575158552,181.57142857,3106,Juíz de Fora
3125002,Ewbank da Câmara,943,976,3.4994697773064685,993,100.0,0.0,0.25,1.0,1.0,0.5,1.0,1.0,0.25,0.75,145.0,3106,Juíz de Fora
3125101,Extrema,11343,11682,2.988627347262629,14452,100.0,3.689436740284198,0.3448275862068966,1.0,0.8620689655172413,0.6436781609195402,0.9444444,0.8888888888888888,0.08333333333333333,0.7962962874659786,7.25,3109,Pouso Alegre
3125200,Fama,431,478,10.904872389791183,452,100.0,0.0,0.3333333333333333,0.6666666666666666,0.6666666666666666,0.5555555555555555,1.0,0.75,0.25,0.9166666666666666,112.0,3108,Varginha
3125309,Faria Lemos,667,686,2.848575712143928,651,100.0,0.0,0.14285714285714285,0.42857142857142855,0.42857142857142855,0.23809523809523805,0.8,0.6,0.2,0.5333333373069763,97.333333333,3106,Juíz de Fora
3125408,Felício dos Santos,1299,1275,-1.8475750577367205,1196,-329.16666666666663,0.0,0.25,0.5,0.75,0.3333333333333333,1.0,1.0,0.25,1.0,100.0,3103,Teófilo Otoni
3125507,São Gonçalo do Rio Preto,652,656,0.6134969325153374,544,100.0,0.0,0.6666666666666666,1.0,1.0,0.7777777777777777,1.0,1.0,0.3333333333333333,0.8888888888888888,122.0,3103,Teófilo Otoni
3125606,Felisburgo,1551,1487,-4.126370083816893,1547,93.75,0.0,0.2222222222222222,0.6666666666666666,0.5555555555555556,0.4074074074074074,0.7777778,0.5555555555555556,0.2222222222222222,0.6666666710818255,173.2,3103,Teófilo Otoni
3125705,Felixlândia,2703,2661,-1.553829078801332,2652,-21.428571428571427,13.679068019541527,0.375,0.8125,0.875,0.4583333333333333,0.93333334,0.8666666666666667,0.2,0.6888888902134366,114.375,3101,Belo Horizonte
3125804,Fernandes Tourinho,581,521,-10.327022375215146,489,-53.333333333333336,0.0,0.3333333333333333,1.0,1.0,0.5555555555555555,1.0,1.0,0.3333333333333333,0.6666666666666666,45.0,3104,Governador Valadares
3125903,Ferros,1975,1827,-7.493670886075949,1716,-75.0,9.63327859879584,0.25,0.6,0.55,0.43333333333333335,0.42105263,0.5789473684210527,0.2631578947368421,0.5087719308702568,129.9,3101,Belo Horizonte
3125952,Fervedouro,2419,2410,-0.37205456800330716,2252,-1755.5555555555557,0.0,0.5,0.7142857142857143,0.6428571428571429,0.5238095238095238,1.0,0.6875,0.25,0.6875,149.0,3106,Juíz de Fora
3126000,Florestal,3890,2774,-28.688946015424165,2657,-10.483870967741936,0.0,0.3333333333333333,1.0,0.8333333333333334,0.5555555555555555,1.0,0.8,0.2,0.8666666666666667,118.0,3101,Belo Horizonte
3126109,Formiga,12765,11691,-8.413631022326674,11909,20.297951582867785,3.2418099392695234,0.5208333333333334,0.9791666666666666,0.9583333333333334,0.6666666666666666,0.7346939,0.9591836734693877,0.16326530612244897,0.6802721112763801,101.36,3113,Divinópolis
3126208,Formoso,1934,1939,0.25853154084798347,1789,100.0,0.0,0.375,0.625,0.625,0.4583333333333333,0.8333333,0.8333333333333334,0.3333333333333333,0.7222222155994839,264.8,3112,Patos de Minas
3126307,Fortaleza de Minas,591,582,-1.5228426395939088,526,-622.2222222222223,0.0,0.3333333333333333,1.0,1.0,0.6666666666666666,1.0,1.0,0.3333333333333333,0.8888888888888888,154.0,3108,Varginha
3126406,Fortuna de Minas,688,635,-7.703488372093023,627,-15.09433962264151,0.0,0.25,0.75,1.0,0.4166666666666667,0.75,1.0,0.25,0.5833333333333334,236.0,3101,Belo Horizonte
3126505,Francisco Badaró,1396,1424,2.005730659025788,1165,100.0,8.848314606741573,0.2777777777777778,0.3333333333333333,0.2777777777777778,0.3148148148148148,1.0,0.29411764705882354,0.23529411764705882,0.7647058823529411,211.14285714,3103,Teófilo Otoni
3126604,Francisco Dumont,1060,1004,-5.283018867924529,1019,26.785714285714285,0.0,0.4,0.2,0.8,0.3333333333333333,0.8,0.8,0.2,0.5333333373069763,63.333333333,3102,Montes Claros
3126703,Francisco Sá,4848,4551,-6.126237623762377,4354,-66.32996632996633,0.0,0.6428571428571429,0.5714285714285714,0.6785714285714286,0.5833333333333334,0.56,0.72,0.32,0.7866666674613952,46.875,3102,Montes Claros
3126752,Franciscópolis,1049,1091,4.003813155386082,852,100.0,0.0,0.3333333333333333,0.8333333333333334,0.6666666666666666,0.5555555555555556,0.8333333,0.6666666666666666,0.3333333333333333,0.4444444378217061,84.666666667,3103,Teófilo Otoni
3126802,Frei Gaspar,1306,1277,-2.22052067381317,1182,-327.58620689655174,0.0,0.2857142857142857,1.0,0.42857142857142855,0.619047619047619,1.0,0.6,0.2,0.7333333333333334,,3103,Teófilo Otoni
3126901,Frei Inocêncio,1844,1784,-3.2537960954446854,1725,-98.33333333333333,0.0,0.2222222222222222,0.7777777777777778,0.6666666666666666,0.48148148148148145,1.0,0.6666666666666666,0.2222222222222222,0.6666666666666666,211.5,3104,Governador Valadares
3126950,Frei Lagonegro,868,780,-10.138248847926267,737,-48.86363636363637,0.0,0.625,0.875,0.25,0.7083333333333334,1.0,0.2857142857142857,0.14285714285714285,0.8571428571428572,211.71428571,3104,Governador Valadares
3127008,Fronteira,2947,3036,3.020020359687818,3162,100.0,0.0,0.6363636363636364,1.0,0.9090909090909091,0.7272727272727272,1.0,0.9285714285714286,0.14285714285714285,0.8333333333333334,126.33333333,3110,Uberaba
3127057,Fronteira dos Vales,959,912,-4.900938477580814,898,-29.78723404255319,0.0,0.16666666666666666,0.16666666666666666,0.5,0.2222222222222222,0.16666667,0.5,0.16666666666666666,0.2777777794334623,289.6,3103,Teófilo Otoni
3127073,Fruta de Leite,1223,1195,-2.2894521668029433,997,-707.1428571428571,0.0,0.2,0.2,0.4,0.20000000000000004,1.0,0.6,0.2,1.0,106.5,3102,Montes Claros
3127107,Frutal,12079,10947,-9.371636724894444,12296,119.1696113074205,0.0,0.6285714285714286,0.9714285714285714,0.7714285714285715,0.7619047619047619,0.94285715,0.7714285714285715,0.14285714285714285,0.8571428582781837,166.75,3110,Uberaba
3127206,Funilândia,1173,1151,-1.875532821824382,1037,-518.1818181818181,0.0,0.4,0.8,0.8,0.5333333333333333,1.0,0.8,0.4,1.0,155.0,3101,Belo Horizonte
3127305,Galiléia,1357,1249,-7.9587324981577,1235,-12.962962962962962,0.0,0.125,0.875,0.875,0.3333333333333333,1.0,0.8571428571428571,0.2857142857142857,0.6666666666666666,0.0,3104,Governador Valadares
3127339,Gameleiras,1140,1224,7.368421052631578,1176,100.0,0.0,0.3333333333333333,0.3333333333333333,0.4166666666666667,0.3611111111111111,0.8333333,0.4166666666666667,0.16666666666666666,0.8055555489328173,108.6,3102,Montes Claros
3127354,Glaucilândia,628,586,-6.687898089171974,582,-9.523809523809524,0.0,0.5714285714285714,0.7142857142857143,0.42857142857142855,0.5714285714285714,1.0,0.42857142857142855,0.2857142857142857,0.5714285714285714,130.0,3102,Montes Claros
3127370,Goiabeira,686,642,-6.41399416909621,637,-11.363636363636363,0.0,0.3333333333333333,0.6666666666666666,1.0,0.4444444444444444,0.6666667,1.0,0.3333333333333333,0.6666666732894049,150.0,3104,Governador Valadares
3127388,Goianá,747,756,1.2048192771084338,802,100.0,0.0,0.6666666666666666,1.0,1.0,0.8888888888888888,1.0,0.75,0.5,0.75,122.5,3106,Juíz de Fora
3127404,Gonçalves,768,705,-8.203125,747,66.66666666666666,0.0,0.6666666666666666,1.0,1.0,0.7777777777777777,1.0,1.0,0.3333333333333333,0.7777777777777778,159.0,3109,Pouso Alegre
3127503,Gonzaga,1182,1140,-3.5532994923857872,1046,-223.80952380952382,0.0,0.14285714285714285,0.7142857142857143,0.5714285714285714,0.4761904761904762,1.0,0.5714285714285714,0.2857142857142857,0.5238095238095238,107.0,3104,Governador Valadares
3127602,Gouveia,2268,2190,-3.439153439153439,2247,73.07692307692307,0.0,0.4444444444444444,1.0,0.6666666666666666,0.7037037037037037,0.8333333,0.8333333333333334,0.3333333333333333,0.6666666600439285,137.0,3103,Teófilo Otoni
3127701,Governador Valadares,59390,54578,-8.102374137060112,53683,-18.599334995843726,0.47638242515299206,0.5849056603773585,0.9433962264150944,0.9056603773584906,0.7337526205450734,0.9807692,0.9038461538461539,0.3076923076923077,0.899572644987677,59.373626374,3104,Governador Valadares
3127800,Grão Mogol,3022,3024,0.06618133686300463,2724,100.0,0.0,0.13636363636363635,0.2727272727272727,0.3181818181818182,0.22727272727272727,0.25,0.35,0.15,0.25,285.66666667,3102,Montes Claros
3127909,Grupiara,302,293,-2.980132450331126,282,-122.22222222222223,0.0,1.0,0.5,1.0,0.6666666666666666,1.0,1.0,0.5,0.8333333333333334,,3111,Uberlândia
3128006,Guanhães,7640,7322,-4.162303664921466,6980,-107.54716981132076,10.51625239005736,0.4166666666666667,0.7083333333333334,0.8333333333333334,0.5972222222222222,0.8965517,0.896551724137931,0.3103448275862069,0.7701149438989573,168.0,3104,Governador Valadares
3128105,Guapé,2651,2600,-1.923802338740098,2440,-313.72549019607845,0.0,0.25,0.8333333333333334,0.6666666666666666,0.5555555555555557,1.0,0.7,0.2,1.0,89.714285714,3108,Varginha
3128204,Guaraciaba,1500,1442,-3.8666666666666667,1408,-58.620689655172406,0.0,0.375,0.875,0.375,0.5416666666666666,0.75,0.375,0.5,0.75,214.4,3106,Juíz de Fora
3128253,Guaraciama,1075,1022,-4.930232558139535,1074,98.11320754716981,0.0,0.0,0.6666666666666666,1.0,0.3333333333333333,1.0,1.0,0.3333333333333333,0.5555555555555555,185.0,3102,Montes Claros
3128303,Guaranésia,3655,3447,-5.690834473324213,3614,80.28846153846155,0.0,0.4666666666666667,1.0,1.0,0.7111111111111111,1.0,1.0,0.11764705882352941,0.7647058823529411,119.71428571,3108,Varginha
3128402,Guarani,1561,1448,-7.238949391415759,1453,4.424778761061947,0.0,0.42857142857142855,1.0,1.0,0.7142857142857143,1.0,1.0,0.3333333333333333,0.9444444444444445,150.66666667,3106,Juíz de Fora
3128501,Guarará,830,892,7.46987951807229,840,100.0,0.0,0.3333333333333333,1.0,1.0,0.5555555555555555,1.0,1.0,0.3333333333333333,0.7777777777777777,118.0,3106,Juíz de Fora
3128600,Guarda-Mor,1466,1399,-4.570259208731241,1461,92.53731343283582,0.0,0.5714285714285714,0.8571428571428571,0.7142857142857143,0.7142857142857143,1.0,0.7142857142857143,0.14285714285714285,0.9523809523809524,30.6,3112,Patos de Minas
3128709,Guaxupé,10196,9678,-5.080423695566889,10035,68.91891891891892,0.0,0.4857142857142857,1.0,0.9428571428571428,0.7047619047619048,0.969697,0.9393939393939394,0.15151515151515152,0.8383838480169122,117.9375,3108,Varginha
3128808,Guidoval,1291,1293,0.1549186676994578,1223,100.0,0.0,0.75,1.0,1.0,0.9166666666666666,1.0,1.0,0.5,0.75,78.0,3106,Juíz de Fora
3128907,Guimarânia,1508,1709,13.328912466843502,1639,100.0,0.0,0.5,0.75,0.75,0.5416666666666666,1.0,0.7142857142857143,0.14285714285714285,0.8571428571428572,0.0,3112,Patos de Minas
3129004,Guiricema,1284,1110,-13.551401869158877,1089,-12.068965517241379,0.0,0.5,0.6666666666666666,0.8333333333333334,0.611111111111111,1.0,1.0,0.5,0.75,137.8,3106,Juíz de Fora
3129103,Gurinhatã,846,824,-2.6004728132387704,771,-240.9090909090909,0.0,0.5,0.8333333333333334,0.8333333333333334,0.6666666666666666,1.0,0.8333333333333334,0.3333333333333333,0.888888888888889,122.66666667,3111,Uberlândia
3129202,Heliodora,1138,1201,5.536028119507909,1135,100.0,0.0,0.8,0.8,0.8,0.7333333333333334,0.75,1.0,0.25,0.6666666666666666,148.0,3109,Pouso Alegre
3129301,Iapu,1880,1827,-2.8191489361702127,1662,-311.3207547169811,0.0,0.2222222222222222,0.8888888888888888,0.6666666666666666,0.48148148148148145,1.0,0.625,0.25,0.5,106.4,3105,Ipatinga
3129400,Ibertioga,949,929,-2.107481559536354,1032,515.0,0.0,0.6666666666666666,1.0,1.0,0.7777777777777777,1.0,1.0,0.3333333333333333,0.8888888888888888,184.0,3107,Barbacena
3129509,Ibiá,4253,4043,-4.937691041617682,4296,120.47619047619047,0.0,0.45454545454545453,0.8636363636363636,0.8181818181818182,0.5454545454545454,0.95652175,0.8260869565217391,0.08695652173913043,0.6811594237451968,90.625,3110,Uberaba
3129608,Ibiaí,1680,1689,0.5357142857142857,1514,100.0,0.0,0.2222222222222222,0.4444444444444444,0.6666666666666666,0.48148148148148145,0.5,0.7,0.3,0.8333333333333334,288.16666667,3102,Montes Claros
3129657,Ibiracatu,1459,1301,-10.829335161069226,1220,-51.26582278481012,0.0,0.4,0.3333333333333333,0.5333333333333333,0.37777777777777777,0.45454547,0.6363636363636364,0.2727272727272727,0.45454545906095795,301.25,3102,Montes Claros
3129707,Ibiraci,2387,2307,-3.3514872224549643,2541,292.5,0.0,0.375,1.0,0.875,0.6666666666666666,1.0,0.8,0.2,0.7999999999999999,125.6,3108,Varginha
3129806,Ibirité,39691,37888,-4.542591519488045,35023,-158.90183028286188,14.263091216216218,0.4235294117647059,0.9411764705882353,1.0,0.6509803921568628,0.9756098,1.0,0.21951219512195122,0.7317073248266205,134.0,3101,Belo Horizonte
3129905,Ibitiúra de Minas,606,748,23.432343234323433,637,100.0,0.0,0.3333333333333333,1.0,1.0,0.5555555555555555,1.0,1.0,0.3333333333333333,0.7777777777777777,,3109,Pouso Alegre
3130002,Ibituruna,564,527,-6.560283687943262,443,-227.02702702702703,0.0,0.6666666666666666,0.6666666666666666,1.0,0.6666666666666666,1.0,1.0,0.3333333333333333,1.0,148.0,3108,Varginha
3130051,Icaraí de Minas,2272,2294,0.9683098591549295,2128,100.0,0.0,0.3333333333333333,0.6111111111111112,0.2222222222222222,0.48148148148148145,0.47368422,0.21052631578947367,0.2631578947368421,0.4912280738353729,288.83333333,3102,Montes Claros
3130101,Igarapé,10852,10313,-4.966826391448581,11296,182.3747680890538,0.0,0.39285714285714285,0.9642857142857143,1.0,0.5476190476190476,1.0,1.0,0.21875,0.8229166666666666,122.06666667,3101,Belo Horizonte
3130200,Igaratinga,1922,1794,-6.659729448491156,2073,217.96875,0.0,0.5,0.875,0.75,0.5833333333333334,1.0,0.75,0.25,0.7083333333333334,144.75,3113,Divinópolis
3130309,Iguatama,1132,1050,-7.243816254416961,1108,70.73170731707317,0.0,0.14285714285714285,1.0,0.8571428571428571,0.42857142857142855,1.0,0.8571428571428571,0.14285714285714285,0.5714285714285715,238.5,3113,Divinópolis
3130408,Ijaci,1370,1227,-10.437956204379562,1256,20.27972027972028,0.0,0.75,1.0,1.0,0.9166666666666666,1.0,1.0,0.2,0.8666666666666667,310.0,3108,Varginha
3130507,Ilicínea,2538,2424,-4.491725768321513,2391,-28.947368421052634,0.0,0.42857142857142855,1.0,1.0,0.7142857142857143,1.0,1.0,0.16666666666666666,0.8333333333333334,237.0,3108,Varginha
3130556,Imbé de Minas,1257,1248,-0.7159904534606205,1246,-22.22222222222222,0.0,0.1,0.3,0.3,0.16666666666666666,0.6,0.3,0.1,0.5000000079472859,178.0,3105,Ipatinga
3130606,Inconfidentes,1505,1659,10.232558139534884,2144,100.0,3.496081977094635,0.8333333333333334,1.0,0.8333333333333334,0.8333333333333334,1.0,0.8333333333333334,0.16666666666666666,1.0,191.5,3109,Pouso Alegre
3130655,Indaiabira,1587,1532,-3.465658475110271,1377,-281.8181818181818,0.0,0.16666666666666666,0.3333333333333333,0.4166666666666667,0.2222222222222222,0.41666666,0.5,0.25,0.44444444113307524,131.16666667,3102,Montes Claros
3130705,Indianópolis,1290,1357,5.1937984496124034,1344,100.0,0.0,0.3333333333333333,1.0,0.6666666666666666,0.6666666666666666,0.8333333,0.6666666666666666,0.16666666666666666,0.833333326710595,145.66666667,3111,Uberlândia
3130804,Ingaí,543,490,-9.760589318600369,503,24.528301886792452,0.0,0.5,1.0,1.0,0.6666666666666666,1.0,1.0,0.3333333333333333,0.8888888888888888,,3108,Varginha
3130903,Inhapim,4269,3996,-6.394940267041462,3762,-85.71428571428571,0.0,0.34285714285714286,0.34285714285714286,0.42857142857142855,0.40952380952380957,0.34285715,0.45714285714285713,0.2857142857142857,0.5142857174078623,20.583333333,3105,Ipatinga
3131000,Inhaúma,1255,1183,-5.7370517928286855,1215,44.44444444444444,0.0,0.2,0.4,0.6,0.26666666666666666,1.0,0.6,0.2,0.8666666666666667,157.0,3101,Belo Horizonte
3131109,Inimutaba,1293,1265,-2.165506573859242,1315,178.57142857142858,0.0,0.1111111111111111,0.3333333333333333,0.6666666666666666,0.1851851851851852,0.5714286,0.5714285714285714,0.14285714285714285,0.523809532324473,0.0,3101,Belo Horizonte
3131158,Ipaba,3676,3677,0.02720348204570185,3346,100.0,0.0,0.4166666666666667,0.5833333333333334,0.6666666666666666,0.4444444444444444,1.0,0.6428571428571429,0.35714285714285715,0.8809523809523809,130.57142857,3105,Ipatinga
3131208,Ipanema,3851,3960,2.8304336535964687,4019,100.0,9.318181818181818,0.46153846153846156,0.8461538461538461,0.6923076923076923,0.6410256410256411,1.0,0.7142857142857143,0.14285714285714285,1.0,68.5,3106,Juíz de Fora
3131307,Ipatinga,54905,50675,-7.704216373736454,51159,11.44208037825059,2.4055254070054266,0.68,0.98,0.98,0.7711111111111112,0.9863946,0.9795918367346939,0.17006802721088435,0.8616780133204124,48.352941176,3105,Ipatinga
3131406,Ipiaçu,794,788,-0.7556675062972292,787,-16.666666666666664,0.0,0.5,1.0,1.0,0.6666666666666666,1.0,1.0,0.25,0.5833333333333334,162.0,3111,Uberlândia
3131505,Ipuiúna,1658,1501,-9.469240048250905,1591,57.324840764331206,0.0,0.375,0.75,0.75,0.5416666666666666,1.0,0.75,0.125,0.9166666666666666,105.25,3109,Pouso Alegre
3131604,Iraí de Minas,1584,1593,0.5681818181818182,1630,100.0,0.0,0.25,0.875,0.875,0.5,0.8888889,0.8888888888888888,0.2222222222222222,0.7037037059112832,43.333333333,3111,Uberlândia
3131703,Itabira,24135,22845,-5.344934742075823,28563,443.2558139534883,1.5845918144014006,0.5569620253164557,0.9493670886075949,0.9240506329113924,0.7721518987341772,0.9767442,0.9418604651162791,0.16279069767441862,0.8449612366136655,101.825,3101,Belo Horizonte
3131802,Itabirinha,2157,1968,-8.762169680111267,1948,-10.582010582010582,4.166666666666666,0.25,0.3333333333333333,0.5,0.3333333333333333,0.3,0.6,0.3,0.23333333730697628,9.75,3104,Governador Valadares
3131901,Itabirito,11990,11892,-0.817347789824854,13267,1403.061224489796,0.0,0.4166666666666667,0.75,0.9166666666666666,0.5555555555555556,1.0,0.9090909090909091,0.11363636363636363,0.8484848484848485,102.92857143,3101,Belo Horizonte
3132008,Itacambira,854,793,-7.142857142857142,705,-144.2622950819672,0.0,0.42857142857142855,0.8571428571428571,0.42857142857142855,0.5714285714285714,1.0,0.5,0.5,0.8888888888888888,289.0,3102,Montes Claros
3132107,Itacarambi,4592,4449,-3.1141114982578397,3937,-358.041958041958,0.0,0.3333333333333333,0.5833333333333334,0.4583333333333333,0.4583333333333333,0.61904764,0.47619047619047616,0.14285714285714285,0.5714285789974153,287.63636364,3102,Montes Claros
3132206,Itaguara,2456,2250,-8.387622149837133,2499,120.87378640776699,0.0,0.6,0.9,0.7,0.7999999999999999,1.0,0.75,0.25,0.8333333333333334,56.4,3113,Divinópolis
3132305,Itaipé,3201,3041,-4.99843798812871,2668,-233.12499999999997,0.0,0.2,0.4666666666666667,0.3333333333333333,0.3555555555555556,0.9230769,0.38461538461538464,0.15384615384615385,0.5641025656308883,174.54545455,3103,Teófilo Otoni
3132404,Itajubá,20462,18524,-9.471214935001466,18725,10.371517027863778,3.6655150075577634,0.6265060240963856,0.9518072289156626,0.9397590361445783,0.7269076305220884,0.9875,0.9375,0.1625,0.9083333373069763,52.448275862,3109,Pouso Alegre
3132503,Itamarandiba,8747,8322,-4.858808734423231,8038,-66.82352941176471,4.98678202355203,0.3111111111111111,0.6666666666666666,0.5777777777777777,0.47407407407407404,0.47368422,0.5526315789473685,0.2631578947368421,0.6491228106774782,166.86666667,3103,Teófilo Otoni
3132602,Itamarati de Minas,732,702,-4.098360655737705,737,116.66666666666667,0.0,0.25,1.0,1.0,0.5833333333333334,0.75,1.0,0.25,0.6666666666666666,0.0,3106,Juíz de Fora
3132701,Itambacuri,5180,5017,-3.1467181467181464,4600,-255.8282208588957,0.0,0.4583333333333333,0.6666666666666666,0.6666666666666666,0.5972222222222222,0.8333333,0.6666666666666666,0.2916666666666667,0.7222222155994839,272.85,3103,Teófilo Otoni
3132800,Itambé do Mato Dentro,419,376,-10.26252983293556,328,-111.62790697674419,0.0,0.16666666666666666,0.3333333333333333,0.3333333333333333,0.2222222222222222,1.0,1.0,0.3333333333333333,0.5555555555555555,0.0,3101,Belo Horizonte
3132909,Itamogi,1954,1910,-2.2517911975435005,2097,425.0,0.0,0.4,1.0,1.0,0.7666666666666666,1.0,1.0,0.2,0.9333333333333332,207.0,3108,Varginha
3133006,Itamonte,3318,3055,-7.926461723930078,3110,20.912547528517113,7.103109656301146,0.26666666666666666,0.9333333333333333,0.6666666666666666,0.5777777777777778,0.8,0.6666666666666666,0.06666666666666667,0.6222222261958651,100.0,3109,Pouso Alegre
3133105,Itanhandu,3350,3077,-8.149253731343284,3219,52.01465201465202,0.0,0.4666666666666667,1.0,0.8666666666666667,0.7333333333333334,1.0,0.8571428571428571,0.14285714285714285,0.8571428571428572,71.625,3109,Pouso Alegre
3133204,Itanhomi,2449,2283,-6.778276847692936,2169,-68.67469879518072,0.0,0.3333333333333333,1.0,0.8888888888888888,0.6666666666666666,0.9,0.9,0.4,0.7333333253860473,94.2,3104,Governador Valadares
3133303,Itaobim,4594,4479,-2.503265128428385,4286,-167.82608695652175,0.0,0.631578947368421,0.6842105263157895,0.5789473684210527,0.6315789473684211,0.84210527,0.6842105263157895,0.21052631578947367,0.7543859670036718,149.25,3103,Teófilo Otoni
3133402,Itapagipe,2211,2246,1.5829941203075533,2418,100.0,0.0,0.5,0.8,0.8,0.6,1.0,0.8181818181818182,0.2727272727272727,0.9090909090909092,109.5,3110,Uberaba
3133501,Itapecerica,3476,3194,-8.112773302646719,3084,-39.00709219858156,0.0,0.5625,0.9375,0.875,0.7083333333333334,0.93333334,0.8666666666666667,0.5333333333333333,0.8444444457689921,165.8,3113,Divinópolis
3133600,Itapeva,2239,2252,0.5806163465832961,2866,100.0,0.0,0.16666666666666666,0.8333333333333334,0.6666666666666666,0.5,1.0,0.5714285714285714,0.14285714285714285,0.7142857142857143,39.666666667,3109,Pouso Alegre
3133709,Itatiaiuçu,2665,2888,8.367729831144466,3120,100.0,0.0,0.2,0.6,0.5,0.6,0.8181818,0.6363636363636364,0.09090909090909091,0.6060606042544047,145.0,3113,Divinópolis
3133758,Itaú de Minas,2736,2561,-6.396198830409356,2537,-13.714285714285715,0.0,0.38461538461538464,1.0,1.0,0.7692307692307692,1.0,1.0,0.1111111111111111,0.8148148148148148,146.4,3108,Varginha
3133808,Itaúna,17807,16709,-6.166114449373842,17645,85.24590163934425,3.136034472440002,0.41818181818181815,0.9454545454545454,0.8727272727272727,0.6606060606060605,0.94545454,0.8727272727272727,0.23636363636363636,0.7818181792895,90.392857143,3113,Divinópolis
3133907,Itaverava,1021,989,-3.1341821743388834,867,-381.25,0.0,0.2222222222222222,0.2222222222222222,0.3333333333333333,0.25925925925925924,1.0,0.375,0.25,0.7916666666666666,193.0,3107,Barbacena
3134004,Itinga,3076,2904,-5.591677503250976,2567,-195.93023255813952,0.0,0.5,0.45,0.4,0.4333333333333333,0.55,0.45,0.2,0.7333333373069765,144.3125,3103,Teófilo Otoni
3134103,Itueta,1083,1009,-6.832871652816251,1089,108.10810810810811,0.0,0.125,0.25,0.5,0.20833333333333334,0.125,0.5,0.125,0.4583333333333333,120.0,3104,Governador Valadares
3134202,Ituiutaba,21757,20571,-5.451119180034012,22278,143.929173693086,7.6661319333041655,0.5254237288135594,1.0,0.9152542372881356,0.7570621468926554,1.0,0.9322033898305084,0.288135593220339,0.8418079096045198,122.06451613,3111,Uberlândia
3134301,Itumirim,1098,1082,-1.4571948998178506,1015,-418.75,0.0,0.8,1.0,0.8,0.8666666666666667,1.0,0.8333333333333334,0.5,0.8333333333333334,220.66666667,3108,Varginha
3134400,Iturama,8766,7871,-10.209901893680128,8357,54.30167597765363,3.7606403252445686,0.6666666666666666,1.0,0.9583333333333334,0.736111111111111,1.0,0.9629629629629629,0.18518518518518517,0.9135802469135802,115.25,3110,Uberaba
3134509,Itutinga,758,703,-7.255936675461741,727,43.63636363636363,0.0,0.6666666666666666,1.0,1.0,0.7777777777777777,1.0,1.0,0.3333333333333333,0.8888888888888888,,3108,Varginha
3134608,Jaboticatubas,3595,3429,-4.617524339360222,3603,104.81927710843372,0.0,0.3125,0.9375,0.6875,0.5625,0.88235295,0.7058823529411765,0.17647058823529413,0.6078431395923389,192.0,3101,Belo Horizonte
3134707,Jacinto,2452,2340,-4.567699836867863,1982,-319.64285714285717,0.0,0.8666666666666667,0.9333333333333333,0.8,0.888888888888889,0.875,0.75,0.1875,0.8958333333333334,11.714285714,3103,Teófilo Otoni
3134806,Jacuí,1416,1347,-4.872881355932203,1423,110.14492753623189,0.0,0.25,0.75,1.0,0.4166666666666667,1.0,1.0,0.25,1.0,143.0,3108,Varginha
3134905,Jacutinga,5454,5497,0.7884121745507884,5812,100.0,0.0,0.7,1.0,0.85,0.75,1.0,0.85,0.05,0.8833333333333333,67.25,3109,Pouso Alegre
3135001,Jaguaraçu,511,491,-3.9138943248532287,483,-40.0,0.0,0.2,1.0,0.8,0.4666666666666666,1.0,0.8,0.2,0.7333333333333334,79.0,3105,Ipatinga
3135050,Jaíba,9284,9413,1.3894872899612236,9610,100.0,0.0,0.35294117647058826,0.6470588235294118,0.4117647058823529,0.46078431372549017,0.93939394,0.3939393939393939,0.3333333333333333,0.7575757569736904,161.31818182,3102,Montes Claros
3135076,Jampruca,1090,1045,-4.128440366972478,847,-440.00000000000006,0.0,0.0,0.4,0.8,0.3333333333333333,0.8,0.8,0.6,0.5333333373069763,312.25,3104,Governador Valadares
3135100,Janaúba,17422,16131,-7.4101710481001035,17228,84.9728892331526,1.9837579815262538,0.3137254901960784,0.9803921568627451,0.9019607843137255,0.6339869281045751,0.96,0.9,0.32,0.8799999928474426,81.423076923,3102,Montes Claros
3135209,Januária,17433,16634,-4.583261630241496,16918,35.54443053817272,0.9739088613682818,0.31868131868131866,0.5714285714285714,0.43956043956043955,0.45054945054945056,0.7473684,0.45263157894736844,0.3368421052631579,0.7228070089691564,292.0754717,3102,Montes Claros
3135308,Japaraíba,971,1035,6.591143151390319,975,100.0,0.0,0.5,1.0,0.8333333333333334,0.7777777777777778,1.0,0.8333333333333334,0.16666666666666666,0.8333333333333334,127.0,3113,Divinópolis
3135357,Japonvar,1713,1824,6.47985989492119,1718,100.0,0.0,0.1,1.0,0.6,0.6,0.9,0.6,0.3,0.8666666587193808,242.5,3102,Montes Claros
3135407,Jeceaba,1251,1250,-0.07993605115907274,1243,-700.0,0.0,0.2,0.8,0.6,0.6,1.0,0.6,0.2,0.7333333333333334,0.0,3107,Barbacena
3135456,Jenipapo de Minas,1705,1537,-9.853372434017595,1302,-139.88095238095238,0.0,0.29411764705882354,0.17647058823529413,0.23529411764705882,0.29411764705882354,0.4,0.26666666666666666,0.2,0.5111111130979326,159.78571429,3103,Teófilo Otoni
3135506,Jequeri,2489,2545,2.2498995580554437,2527,100.0,0.0,0.26666666666666666,0.4,0.8,0.3555555555555556,0.85714287,0.8571428571428571,0.35714285714285715,0.7380952409335545,301.85714286,3106,Juíz de Fora
3135605,Jequitaí,1456,1479,1.5796703296703296,1468,100.0,1.757944557133198,0.6,0.8,0.8,0.6666666666666666,0.5,0.8333333333333334,0.3333333333333333,0.7222222222222223,76.666666667,3102,Montes Claros
3135704,Jequitibá,1056,1050,-0.5681818181818182,975,-1250.0,0.0,0.2,0.4,0.6,0.26666666666666666,1.0,0.8,0.2,1.0,171.25,3101,Belo Horizonte
3135803,Jequitinhonha,5615,4960,-11.665182546749778,4842,-18.015267175572518,3.306451612903226,0.32142857142857145,0.6071428571428571,0.6428571428571429,0.4523809523809524,0.6785714,0.6785714285714286,0.2857142857142857,0.5357142771993365,153.71428571,3103,Teófilo Otoni
3135902,Jesuânia,802,861,7.356608478802992,834,100.0,0.0,0.6666666666666666,1.0,0.6666666666666666,0.7777777777777777,1.0,0.6666666666666666,0.3333333333333333,0.7777777777777777,171.5,3109,Pouso Alegre
3136009,Joaíma,3478,3282,-5.6354226566992525,2972,-158.16326530612247,6.124314442413162,0.2,0.95,0.6,0.6333333333333333,0.7894737,0.5789473684210527,0.21052631578947367,0.5789473778323123,158.15384615,3103,Teófilo Otoni
3136108,Joanésia,706,749,6.090651558073654,610,100.0,0.0,0.42857142857142855,0.42857142857142855,0.42857142857142855,0.5238095238095238,0.42857143,0.42857142857142855,0.42857142857142855,0.4761904776096344,84.5,3105,Ipatinga
3136207,João Monlevade,15943,14714,-7.708712287524305,16103,113.01871440195282,2.8544243577545196,0.6341463414634146,0.9024390243902439,1.0,0.7398373983739838,1.0,1.0,0.2619047619047619,0.873015873015873,117.75,3105,Ipatinga
3136306,João Pinheiro,10358,10101,-2.4811739718092296,10635,207.7821011673152,0.0,0.4117647058823529,0.9117647058823529,0.7941176470588235,0.676470588235294,0.9705882,0.8235294117647058,0.35294117647058826,0.7254901867286833,137.3125,3112,Patos de Minas
3136405,Joaquim Felício,788,784,-0.5076142131979695,815,775.0,0.0,0.6666666666666666,0.3333333333333333,1.0,0.5555555555555555,0.33333334,1.0,0.3333333333333333,0.6666666699780358,175.0,3102,Montes Claros
3136504,Jordânia,2088,1798,-13.88888888888889,1853,18.96551724137931,0.0,0.2857142857142857,0.6428571428571429,0.7857142857142857,0.4523809523809524,0.9166667,0.8333333333333334,0.3333333333333333,0.6111111177338494,248.28571429,3103,Teófilo Otoni
3136520,José Gonçalves de Minas,951,920,-3.2597266035751837,772,-477.4193548387097,0.0,0.0,0.8333333333333334,0.5,0.3888888888888889,1.0,0.5,0.3333333333333333,0.5,158.25,3103,Teófilo Otoni
3136553,José Raydan,976,968,-0.819672131147541,883,-1062.5,0.0,0.0,0.4,0.5,0.20000000000000004,1.0,0.5555555555555556,0.2222222222222222,0.40740740740740744,287.8,3104,Governador Valadares
3136579,Josenópolis,981,956,-2.54841997961264,861,-380.0,0.0,0.16666666666666666,0.3333333333333333,0.6666666666666666,0.27777777777777773,0.8,0.8,0.2,0.5333333373069763,283.0,3102,Montes Claros
3136603,Nova União,1202,1209,0.5823627287853578,1222,100.0,0.0,0.3333333333333333,0.6666666666666666,0.6666666666666666,0.5555555555555555,1.0,1.0,0.3333333333333333,0.7777777777777778,57.0,3101,Belo Horizonte
3136652,Juatuba,7036,6813,-3.16941444002274,6726,-39.01345291479821,0.0,0.38095238095238093,1.0,1.0,0.6666666666666666,1.0,1.0,0.09090909090909091,0.6818181818181818,297.91666667,3101,Belo Horizonte
3136702,Juiz de Fora,109072,100097,-8.22850960833211,108021,88.28969359331477,4.948200245761612,0.4645669291338583,0.926509186351706,0.973753280839895,0.6771653543307087,0.96666664,0.9694444444444444,0.13333333333333333,0.8222222129503886,117.69512195,3106,Juíz de Fora
3136801,Juramento,841,753,-10.46373365041617,687,-75.0,0.0,0.16666666666666666,0.6666666666666666,0.5,0.3333333333333333,1.0,0.6,0.2,0.4666666666666666,100.0,3102,Montes Claros
3136900,Juruaia,2009,2083,3.683424589347934,2112,100.0,0.0,0.5714285714285714,0.8571428571428571,0.5714285714285714,0.619047619047619,1.0,0.5714285714285714,0.14285714285714285,0.8571428571428572,147.0,3108,Varginha
3136959,Juvenília,1619,1454,-10.19147621988882,1330,-75.15151515151514,0.0,0.4166666666666667,0.75,0.75,0.5555555555555556,0.72727275,0.7272727272727273,0.36363636363636365,0.666666673891472,291.71428571,3102,Montes Claros
3137007,Ladainha,3521,3319,-5.73700653223516,2816,-249.009900990099,0.0,0.2608695652173913,0.34782608695652173,0.21739130434782608,0.3333333333333333,0.45454547,0.18181818181818182,0.18181818181818182,0.4242424287579276,172.9,3103,Teófilo Otoni
3137106,Lagamar,1376,1413,2.688953488372093,1283,100.0,18.966737438075018,0.875,0.75,0.625,0.8333333333333334,1.0,0.75,0.5,0.9583333333333334,143.5,3112,Patos de Minas
3137205,Lagoa da Prata,9429,9131,-3.1604624032240958,9834,235.9060402684564,0.0,0.5925925925925926,0.9629629629629629,1.0,0.7160493827160493,0.9655172,1.0,0.27586206896551724,0.8620689593512436,81.916666667,3113,Divinópolis
3137304,Lagoa dos Patos,855,753,-11.929824561403509,745,-7.8431372549019605,0.0,0.6666666666666666,0.3333333333333333,1.0,0.5555555555555555,0.33333334,1.0,0.3333333333333333,0.5555555588669246,284.0,3102,Montes Claros
3137403,Lagoa Dourada,2644,2498,-5.521936459909228,2386,-76.71232876712328,0.0,0.21428571428571427,0.42857142857142855,0.35714285714285715,0.5,0.72727275,0.36363636363636365,0.09090909090909091,0.545454552679351,172.5,3107,Barbacena
3137502,Lagoa Formosa,3397,3248,-4.386223138062997,3304,37.58389261744966,0.0,0.6666666666666666,1.0,1.0,0.6888888888888888,1.0,1.0,0.1875,0.8541666666666666,82.714285714,3112,Patos de Minas
3137536,Lagoa Grande,1841,1838,-0.16295491580662683,2087,8300.0,0.0,0.16666666666666666,0.8333333333333334,0.8333333333333334,0.4444444444444444,0.85714287,0.8571428571428571,0.14285714285714285,0.7619047647430782,121.66666667,3112,Patos de Minas
3137601,Lagoa Santa,13547,13161,-2.84933933712261,15497,605.1813471502591,0.0,0.41025641025641024,0.9230769230769231,1.0,0.7008547008547009,0.9767442,1.0,0.11627906976744186,0.8682170505671539,62.913043478,3101,Belo Horizonte
3137700,Lajinha,4173,4101,-1.7253774263120056,4346,340.27777777777777,0.0,0.03125,0.375,0.40625,0.19791666666666666,0.8,0.4666666666666667,0.1,0.5111111150847542,33.192307692,3106,Juíz de Fora
3137809,Lambari,4078,3729,-8.558116723884257,3755,7.4498567335243555,0.0,0.3333333333333333,0.4444444444444444,0.6111111111111112,0.4814814814814814,1.0,0.6875,0.1875,0.8541666666666666,276.09090909,3109,Pouso Alegre
3137908,Lamim,698,684,-2.005730659025788,615,-492.8571428571429,0.0,0.125,0.125,0.25,0.125,0.14285715,0.2857142857142857,0.14285714285714285,0.42857143070016585,213.42857143,3107,Barbacena
3138005,Laranjal,1042,1052,0.9596928982725527,977,100.0,0.0,0.3333333333333333,1.0,1.0,0.5555555555555555,1.0,1.0,0.3333333333333333,1.0,217.0,3106,Juíz de Fora
3138104,Lassance,1339,1341,0.14936519790888725,1296,100.0,0.0,0.5,0.7,0.4,0.5333333333333333,0.44444445,0.4444444444444444,0.1111111111111111,0.6296296307334194,236.0,3102,Montes Claros
3138203,Lavras,20461,19124,-6.534382483749572,20329,90.12715033657443,0.0,0.49122807017543857,0.9473684210526315,0.8947368421052632,0.7368421052631579,0.91803277,0.9016393442622951,0.13114754098360656,0.7923497196103706,55.970588235,3108,Varginha
3138302,Leandro Ferreira,644,656,1.8633540372670807,623,100.0,0.0,0.2,0.6,0.6,0.3333333333333333,1.0,0.6,0.2,0.7333333333333334,116.0,3113,Divinópolis
3138351,Leme do Prado,1406,1396,-0.7112375533428165,1000,-3960.0,0.0,0.5,0.9,0.6,0.6666666666666666,1.0,0.6666666666666666,0.4444444444444444,0.9259259259259259,175.71428571,3103,Teófilo Otoni
3138401,Leopoldina,11130,10554,-5.175202156334232,10601,8.159722222222223,0.037900322152738294,0.4,0.6727272727272727,0.9090909090909091,0.5090909090909091,0.9818182,0.9272727272727272,0.21818181818181817,0.7333333391131777,82.444444444,3106,Juíz de Fora
3138500,Liberdade,900,798,-11.333333333333332,829,30.392156862745097,0.0,0.75,1.0,1.0,0.8333333333333334,0.8,1.0,0.2,0.6666666706403097,226.0,3106,Juíz de Fora
3138609,Lima Duarte,3579,3359,-6.146968426934897,3318,-18.636363636363637,13.724322715093779,0.2608695652173913,0.7391304347826086,0.6956521739130435,0.47826086956521735,1.0,0.7083333333333334,0.16666666666666666,0.7638888888888888,206.63636364,3106,Juíz de Fora
3138625,Limeira do Oeste,1885,1975,4.774535809018567,1830,100.0,0.0,0.3333333333333333,0.8333333333333334,0.8333333333333334,0.6111111111111112,1.0,0.8571428571428571,0.14285714285714285,0.9047619047619048,34.666666667,3110,Uberaba
3138658,Lontra,2003,2036,1.6475287069395907,2050,100.0,0.0,0.14285714285714285,0.8571428571428571,0.8571428571428571,0.5238095238095238,0.85714287,0.8571428571428571,0.14285714285714285,0.6666666695049831,302.33333333,3102,Montes Claros
3138674,Luisburgo,1361,1395,2.4981631153563555,1464,100.0,0.0,0.1111111111111111,0.4444444444444444,0.3333333333333333,0.22222222222222224,0.44444445,0.3333333333333333,0.1111111111111111,0.5555555566593453,136.0,3106,Juíz de Fora
3138682,Luislândia,1531,1613,5.355976485956891,1353,100.0,0.0,0.1,0.4,0.4,0.2333333333333333,0.8,0.4,0.2,0.6666666706403097,290.25,3102,Montes Claros
3138708,Luminárias,996,970,-2.610441767068273,970,0.0,0.0,0.6666666666666666,1.0,1.0,0.7777777777777777,1.0,1.0,0.3333333333333333,0.7777777777777777,,3108,Varginha
3138807,Luz,3286,3146,-4.26049908703591,3202,40.0,0.0,0.6153846153846154,1.0,1.0,0.717948717948718,1.0,1.0,0.3076923076923077,0.8974358974358975,79.833333333,3113,Divinópolis
3138906,Machacalis,1479,1534,3.7187288708586883,1404,100.0,0.0,0.14285714285714285,0.7142857142857143,0.8571428571428571,0.38095238095238093,0.8333333,0.8333333333333334,0.16666666666666666,0.6666666600439283,176.25,3103,Teófilo Otoni
3139003,Machado,8757,8101,-7.491149937193102,8774,102.59146341463415,6.048635970867794,0.6,0.8333333333333334,0.8333333333333334,0.6888888888888888,1.0,0.8333333333333334,0.23333333333333334,0.8555555555555555,85.0,3108,Varginha
3139102,Madre de Deus de Minas,842,833,-1.0688836104513064,980,1633.3333333333333,0.0,0.4,0.8,0.8,0.5333333333333333,0.75,1.0,0.25,0.6666666666666666,311.0,3107,Barbacena
3139201,Malacacheta,4153,3802,-8.451721647002167,3692,-31.339031339031337,0.0,0.6,0.95,0.8,0.7166666666666667,1.0,0.7777777777777778,0.3888888888888889,0.8703703703703702,40.0,3103,Teófilo Otoni
3139250,Mamonas,1117,1092,-2.2381378692927485,1035,-227.99999999999997,0.0,0.25,0.25,0.75,0.25,0.5,0.75,0.25,0.4166666666666667,101.0,3102,Montes Claros
3139300,Manga,5109,5157,0.9395184967704051,4502,100.0,0.0,0.3448275862068966,0.5172413793103449,0.41379310344827586,0.40229885057471265,0.7777778,0.4444444444444444,0.18518518518518517,0.6419753130571342,291.0,3102,Montes Claros
3139409,Manhuaçu,20917,19734,-5.6556867619639535,20863,95.43533389687235,3.28367284889024,0.3522727272727273,0.6590909090909091,0.7727272727272727,0.4886363636363636,0.9756098,0.7804878048780488,0.21951219512195122,0.6056910646640189,140.95238095,3106,Juíz de Fora
3139508,Manhumirim,4784,4521,-5.497491638795986,4221,-114.06844106463878,9.57752709577527,0.375,0.625,0.75,0.5277777777777778,0.8947368,0.9473684210526315,0.15789473684210525,0.7543859596838031,34.714285714,3106,Juíz de Fora
3139607,Mantena,6189,5645,-8.78978833414122,5506,-25.551470588235293,9.495128432240922,0.6842105263157895,0.8421052631578947,0.8421052631578947,0.8070175438596491,0.9,0.85,0.2,0.8666666587193808,34.545454545,3104,Governador Valadares
3139706,Maravilhas,1505,1383,-8.106312292358805,1408,20.491803278688526,0.0,0.2,1.0,0.8,0.6666666666666666,1.0,0.75,0.25,0.8333333333333334,139.0,3113,Divinópolis
3139805,Mar de Espanha,2390,2326,-2.6778242677824267,2412,134.375,0.0,0.2222222222222222,0.7777777777777778,1.0,0.48148148148148145,1.0,1.0,0.3333333333333333,0.7407407407407408,312.0,3106,Juíz de Fora
3139904,Maria da Fé,3146,2858,-9.15448188175461,3117,89.93055555555556,0.0,0.4117647058823529,0.9411764705882353,0.7647058823529411,0.6666666666666666,0.9444444,0.7222222222222222,0.16666666666666666,0.8333333245030156,95.625,3109,Pouso Alegre
3140001,Mariana,13459,13713,1.887213017311836,14512,100.0,0.0,0.5283018867924528,0.8490566037735849,0.7924528301886793,0.7044025157232704,0.7924528,0.7924528301886793,0.20754716981132076,0.7358490506058218,132.71428571,3101,Belo Horizonte
3140100,Marilac,1161,1084,-6.6322136089577945,997,-112.98701298701299,0.0,0.3333333333333333,0.3333333333333333,1.0,0.4444444444444444,0.6666667,1.0,0.3333333333333333,0.6666666732894049,110.0,3104,Governador Valadares
3140159,Mário Campos,3154,3020,-4.2485732403297405,3232,158.2089552238806,0.0,0.6363636363636364,0.9090909090909091,0.8181818181818182,0.7575757575757575,0.9,0.8,0.2,0.8666666587193808,98.285714286,3101,Belo Horizonte
3140209,Maripá de Minas,623,610,-2.086677367576244,609,-7.6923076923076925,0.0,0.3333333333333333,1.0,1.0,0.7777777777777777,1.0,1.0,0.3333333333333333,0.7777777777777777,69.0,3106,Juíz de Fora
3140308,Marliéria,1078,1018,-5.565862708719852,924,-156.66666666666666,0.0,0.4,1.0,0.8,0.6,1.0,0.8,0.4,0.8666666666666667,28.333333333,3105,Ipatinga
3140407,Marmelópolis,541,545,0.7393715341959335,585,100.0,0.0,0.75,1.0,0.5,0.8333333333333334,1.0,0.6,0.2,0.7333333333333334,152.0,3109,Pouso Alegre
3140506,Martinho Campos,2871,2721,-5.22466039707419,2704,-11.333333333333332,0.0,0.5384615384615384,0.8461538461538461,0.7692307692307693,0.6923076923076922,0.84615386,0.7692307692307693,0.3076923076923077,0.743589746646392,101.625,3113,Divinópolis
3140530,Martins Soares,1628,1567,-3.746928746928747,1691,203.27868852459017,0.0,0.3,0.9,0.5,0.6,0.8,0.5,0.1,0.4666666706403097,129.5,3106,Juíz de Fora
3140555,Mata Verde,2013,1905,-5.365126676602086,1716,-175.0,0.0,0.2,1.0,1.0,0.6,0.8,1.0,0.4,0.800000003973643,113.5,3103,Teófilo Otoni
3140605,Materlândia,980,986,0.6122448979591837,856,100.0,0.0,0.42857142857142855,0.5714285714285714,0.5714285714285714,0.5238095238095238,1.0,0.5714285714285714,0.14285714285714285,1.0,153.0,3104,Governador Valadares
3140704,Mateus Leme,7744,7548,-2.53099173553719,8038,250.0,0.0,0.631578947368421,0.9473684210526315,0.8421052631578947,0.7543859649122807,0.82608694,0.8695652173913043,0.17391304347826086,0.7536231823589491,67.666666667,3101,Belo Horizonte
3140803,Matias Barbosa,2520,2332,-7.4603174603174605,2597,140.95744680851064,0.0,0.3,1.0,1.0,0.6,1.0,1.0,0.1,0.9666666666666667,80.166666667,3106,Juíz de Fora
3140852,Matias Cardoso,2519,2435,-3.33465660976578,2516,96.42857142857143,0.0,0.06666666666666667,0.26666666666666666,0.4,0.3111111111111111,0.46666667,0.4,0.2,0.5555555562178294,191.0,3102,Montes Claros
3140902,Matipó,4809,4914,2.1834061135371177,5034,100.0,0.0,0.42105263157894735,0.5789473684210527,0.7368421052631579,0.456140350877193,0.7894737,0.7368421052631579,0.2631578947368421,0.7368421146744176,268.23076923,3106,Juíz de Fora
3141009,Mato Verde,2551,2599,1.8816150529204232,3483,100.0,0.0,0.4666666666666667,0.8,0.7333333333333333,0.6444444444444444,1.0,0.8,0.3333333333333333,0.8888888888888888,29.125,3102,Montes Claros
3141108,Matozinhos,7581,7319,-3.456008442158027,7382,24.045801526717558,0.0,0.28,0.72,1.0,0.5066666666666667,1.0,1.0,0.24,0.7866666666666667,85.833333333,3101,Belo Horizonte
3141207,Matutina,677,646,-4.579025110782865,663,54.83870967741935,0.0,0.2,1.0,0.8,0.6666666666666666,0.8,0.8,0.2,0.6666666706403097,69.5,3112,Patos de Minas
3141306,Medeiros,750,695,-7.333333333333333,761,120.0,0.0,0.2,0.6,0.6,0.4666666666666666,0.6,0.6,0.2,0.6666666746139528,103.33333333,3113,Divinópolis
3141405,Medina,4622,4520,-2.206836867157075,4419,-99.01960784313727,8.893805309734514,0.2727272727272727,0.5454545454545454,0.5909090909090909,0.4090909090909091,0.77272725,0.5909090909090909,0.3181818181818182,0.5454545382297401,71.461538462,3103,Teófilo Otoni
3141504,Mendes Pimentel,1106,1134,2.5316455696202533,981,100.0,0.0,0.3333333333333333,0.6666666666666666,0.5,0.5555555555555555,0.6666667,0.5,0.3333333333333333,0.5555555621782938,110.5,3104,Governador Valadares
3141603,Mercês,1944,1773,-8.796296296296296,1637,-79.53216374269006,0.0,0.6666666666666666,0.8888888888888888,0.7777777777777778,0.8518518518518517,0.8888889,0.7777777777777778,0.1111111111111111,0.8148148170223942,53.166666667,3106,Juíz de Fora
3141702,Mesquita,1084,1059,-2.3062730627306274,1014,-180.0,0.0,0.25,0.875,0.625,0.5416666666666666,1.0,0.625,0.25,0.5833333333333334,0.0,3105,Ipatinga
3141801,Minas Novas,6386,5847,-8.44033823989978,5229,-114.65677179962894,2.172054044809304,0.21153846153846154,0.4230769230769231,0.3076923076923077,0.3461538461538461,0.63829786,0.3404255319148936,0.23404255319148937,0.45390070372439445,183.0,3103,Teófilo Otoni
3141900,Minduri,690,717,3.91304347826087,700,100.0,0.0,0.75,0.75,1.0,0.6666666666666666,1.0,1.0,0.3333333333333333,1.0,93.0,3109,Pouso Alegre
3142007,Mirabela,2543,2626,3.2638615808100666,2577,100.0,0.0,0.8461538461538461,0.8461538461538461,0.6153846153846154,0.7948717948717948,1.0,0.7272727272727273,0.2727272727272727,0.9393939393939394,177.25,3102,Montes Claros
3142106,Miradouro,1630,1516,-6.993865030674846,1460,-49.122807017543856,0.0,0.7857142857142857,0.42857142857142855,0.42857142857142855,0.6428571428571428,0.64285713,0.5,0.07142857142857142,0.6666666638283503,152.42857143,3106,Juíz de Fora
3142205,Miraí,2228,2264,1.615798922800718,2237,100.0,0.0,0.16666666666666666,0.5833333333333334,0.6666666666666666,0.3055555555555555,0.9166667,0.6666666666666666,0.08333333333333333,0.5833333399560716,219.77777778,3106,Juíz de Fora
3142254,Miravânia,1069,1069,0.0,950,100.0,0.0,0.2,0.9,0.2,0.5666666666666668,0.8181818,0.18181818181818182,0.18181818181818182,0.6060606042544047,295.2,3102,Montes Claros
3142304,Moeda,966,949,-1.7598343685300208,1060,652.9411764705882,0.0,0.4,0.6,0.6,0.4666666666666666,1.0,0.6,0.2,0.6,0.0,3101,Belo Horizonte
3142403,Moema,1460,1404,-3.8356164383561646,1450,82.14285714285714,0.0,0.5714285714285714,1.0,0.8571428571428571,0.8571428571428571,1.0,1.0,0.16666666666666666,0.8333333333333334,135.8,3113,Divinópolis
3142502,Monjolos,458,480,4.8034934497816595,417,100.0,0.0,0.5,0.5,0.8333333333333334,0.4444444444444444,1.0,1.0,0.4,0.7999999999999999,73.0,3101,Belo Horizonte
3142601,Monsenhor Paulo,1697,1641,-3.2999410724808484,1600,-73.21428571428571,0.0,0.5,0.7,0.8,0.5,1.0,0.875,0.125,0.9166666666666666,60.0,3108,Varginha
3142700,Montalvânia,3412,3351,-1.7878077373974208,3071,-459.0163934426229,0.0,0.25,0.625,0.5,0.40277777777777773,0.7368421,0.47368421052631576,0.3684210526315789,0.5087719266874748,294.8,3102,Montes Claros
3142809,Monte Alegre de Minas,3869,3946,1.9901783406565003,4288,100.0,0.0,0.4444444444444444,0.7222222222222222,0.7777777777777778,0.5555555555555555,0.8888889,0.7777777777777778,0.16666666666666666,0.7407407429483203,37.5,3111,Uberlândia
3142908,Monte Azul,3705,3684,-0.5668016194331984,3752,323.8095238095238,0.0,0.36363636363636365,0.8636363636363636,0.45454545454545453,0.6060606060606061,0.95454544,0.45454545454545453,0.2727272727272727,0.6818181763995778,177.2,3102,Montes Claros
3143005,Monte Belo,2254,2250,-0.1774622892635315,2173,-1925.0,0.0,0.4444444444444444,0.5555555555555556,1.0,0.5555555555555555,0.5555556,1.0,0.2222222222222222,0.7037037125340214,163.5,3108,Varginha
3143104,Monte Carmelo,9494,9376,-1.2428902464714557,9553,150.0,7.02858361774744,0.3783783783783784,0.918918918918919,0.8918918918918919,0.6486486486486487,0.8947368,0.8947368421052632,0.2631578947368421,0.7543859596838031,142.6,3111,Uberlândia
3143153,Monte Formoso,1264,1200,-5.063291139240507,911,-451.5625,0.0,0.36363636363636365,0.45454545454545453,0.2727272727272727,0.39393939393939387,0.72727275,0.2727272727272727,0.09090909090909091,0.5151515223763206,164.0,3103,Teófilo Otoni
3143203,Monte Santo de Minas,3845,3639,-5.357607282184655,3847,100.97087378640776,0.0,0.8571428571428571,0.9285714285714286,1.0,0.8333333333333334,1.0,1.0,0.21428571428571427,0.8571428571428572,108.5,3108,Varginha
3143302,Montes Claros,84915,79704,-6.136724960254372,92697,249.33793897524467,0.7226738934056007,0.5531914893617021,0.9787234042553191,0.8765957446808511,0.7361702127659574,0.94827586,0.8879310344827587,0.2672413793103448,0.864942529420743,45.052083333,3102,Montes Claros
3143401,Monte Sião,4796,4590,-4.295246038365304,4746,75.72815533980582,0.0,0.3333333333333333,0.9333333333333333,0.8,0.5111111111111111,0.9411765,0.8235294117647058,0.058823529411764705,0.8823529423451891,151.66666667,3109,Pouso Alegre
3143450,Montezuma,1518,1495,-1.5151515151515151,1414,-352.17391304347825,0.0,0.25,1.0,0.5,0.5,1.0,0.5,0.25,0.625,,3102,Montes Claros
3143500,Morada Nova de Minas,1699,1702,0.17657445556209533,1802,100.0,0.0,0.5454545454545454,0.9090909090909091,0.7272727272727273,0.7272727272727272,0.8888889,0.6666666666666666,0.1111111111111111,0.8888888910964683,198.33333333,3113,Divinópolis
3143609,Morro da Garça,565,517,-8.495575221238937,475,-87.5,0.0,0.5,0.8333333333333334,0.8333333333333334,0.6111111111111112,0.8333333,0.8333333333333334,0.16666666666666666,0.6666666600439283,145.66666667,3101,Belo Horizonte
3143708,Morro do Pilar,640,630,-1.5625,598,-320.0,0.0,0.75,1.0,0.75,0.8333333333333334,1.0,0.75,0.5,0.8333333333333334,190.5,3101,Belo Horizonte
3143807,Munhoz,1319,1317,-0.1516300227445034,1395,3900.0,0.0,0.25,0.75,0.75,0.4166666666666667,0.75,0.75,0.25,0.75,108.0,3109,Pouso Alegre
3143906,Muriaé,22077,21786,-1.3181138741676859,21951,56.70103092783505,5.067474524924263,0.5540540540540541,0.8243243243243243,0.9054054054054054,0.7477477477477478,0.9230769,0.9102564102564102,0.28205128205128205,0.7606837622120849,98.8,3106,Juíz de Fora
3144003,Mutum,5022,5137,2.2899243329350853,4825,100.0,2.725326065797158,0.30952380952380953,0.42857142857142855,0.4523809523809524,0.3650793650793651,0.41463414,0.4634146341463415,0.2926829268292683,0.39837398107458905,155.16666667,3106,Juíz de Fora
3144102,Muzambinho,5707,7105,24.496232696688278,6574,100.0,30.48557353976073,0.4117647058823529,0.8235294117647058,0.7647058823529411,0.6274509803921569,0.9444444,0.7777777777777778,0.1111111111111111,0.8888888800585711,174.33333333,3108,Varginha
3144201,Nacip Raydan,517,464,-10.251450676982591,462,-3.7735849056603774,0.0,0.5,0.75,0.75,0.5833333333333334,1.0,0.75,0.25,0.75,0.0,3104,Governador Valadares
3144300,Nanuque,7701,7134,-7.362680171406311,7166,5.64373897707231,0.0,0.36363636363636365,0.7878787878787878,0.9393939393939394,0.5151515151515151,0.96875,0.9375,0.3125,0.65625,124.68421053,3103,Teófilo Otoni
3144359,Naque,1561,1533,-1.7937219730941705,1572,139.28571428571428,0.0,0.3333333333333333,1.0,1.0,0.5555555555555555,1.0,1.0,0.3333333333333333,0.7777777777777778,139.0,3105,Ipatinga
3144375,Natalândia,1362,1457,6.975036710719531,1661,100.0,0.0,0.5,0.75,0.75,0.5833333333333334,1.0,0.75,0.25,0.75,173.0,3112,Patos de Minas
3144409,Natércia,779,725,-6.93196405648267,714,-20.37037037037037,0.0,1.0,0.6,0.8,0.8666666666666667,1.0,1.0,0.25,1.0,190.66666667,3109,Pouso Alegre
3144508,Nazareno,1698,1589,-6.419316843345111,1724,123.8532110091743,0.0,0.5,1.0,1.0,0.75,1.0,1.0,0.25,0.8333333333333334,130.0,3107,Barbacena
3144607,Nepomuceno,5418,5224,-3.580657069029162,5057,-86.08247422680412,0.0,0.3333333333333333,0.75,0.6666666666666666,0.5,0.9583333,0.625,0.25,0.7638888822661506,119.14285714,3108,Varginha
3144656,Ninheira,2041,2001,-1.9598236158745712,1748,-632.5,0.0,0.4666666666666667,0.8666666666666667,0.2,0.688888888888889,0.93333334,0.26666666666666666,0.2,0.8666666679912144,126.22222222,3102,Montes Claros
3144672,Nova Belém,775,759,-2.064516129032258,717,-262.5,0.0,0.7333333333333333,0.7333333333333333,0.3333333333333333,0.6222222222222222,0.44444445,0.5555555555555556,0.1111111111111111,0.37037037147416,310.0,3104,Governador Valadares
3144706,Nova Era,3951,3687,-6.681852695520122,3827,53.03030303030303,0.0,0.625,0.9375,0.9375,0.8125,1.0,0.9333333333333333,0.2,0.9333333333333332,66.75,3105,Ipatinga
3144805,Nova Lima,23085,21777,-5.66601689408707,24184,184.02140672782875,0.0,0.6470588235294118,0.9803921568627451,1.0,0.8300653594771242,0.9464286,1.0,0.08928571428571429,0.904761913276854,104.07407407,3101,Belo Horizonte
3144904,Nova Módica,859,800,-6.868451688009314,816,27.11864406779661,0.0,0.0,0.125,0.625,0.08333333333333333,0.14285715,0.5714285714285714,0.14285714285714285,0.09523809736683254,470.5,3103,Teófilo Otoni
3145000,Nova Ponte,3231,3217,-0.4333023831631074,3222,35.714285714285715,0.0,0.4444444444444444,1.0,0.8888888888888888,0.6666666666666666,1.0,0.875,0.125,0.9583333333333334,53.0,3110,Uberaba
3145059,Nova Porteirinha,1364,1377,0.9530791788856305,1295,100.0,0.0,0.6,0.8,0.5,0.5666666666666667,1.0,0.5,0.3,0.7666666666666666,131.6,3102,Montes Claros
3145109,Nova Resende,3241,3149,-2.8386300524529466,3236,94.56521739130434,0.0,0.38461538461538464,0.5384615384615384,0.7692307692307693,0.4358974358974359,0.9285714,0.7857142857142857,0.14285714285714285,0.8809523724374317,107.28571429,3108,Varginha
3145208,Nova Serrana,23047,23385,1.4665683169176031,27456,100.0,4.2035492837288855,0.5625,0.9166666666666666,0.8541666666666666,0.736111111111111,0.962963,0.9444444444444444,0.1111111111111111,0.8395061801981044,106.28571429,3113,Divinópolis
3145307,Novo Cruzeiro,7350,6755,-8.095238095238095,6275,-80.67226890756302,0.0,0.25,0.3333333333333333,0.25,0.3333333333333333,0.6969697,0.2727272727272727,0.36363636363636365,0.6666666636563311,189.92857143,3103,Teófilo Otoni
3145356,Novo Oriente de Minas,2434,2386,-1.9720624486442069,2190,-408.3333333333333,0.0,0.25,0.625,0.4375,0.3958333333333333,0.8125,0.4375,0.1875,0.625,163.09090909,3103,Teófilo Otoni
3145372,Novorizonte,1079,1090,1.0194624652455977,969,100.0,0.0,0.2,0.2,0.3,0.20000000000000004,0.9,0.3,0.1,0.5666666587193807,126.0,3102,Montes Claros
3145406,Olaria,397,387,-2.518891687657431,342,-450.0,0.0,0.3333333333333333,0.6666666666666666,0.6666666666666666,0.5555555555555555,0.6666667,0.6666666666666666,0.3333333333333333,0.5555555621782938,124.0,3106,Juíz de Fora
3145455,Olhos-d'Água,1427,1388,-2.7330063069376314,1260,-328.2051282051282,0.0,0.0,0.21428571428571427,0.42857142857142855,0.11904761904761903,0.8,0.8,0.2,0.800000003973643,272.0,3102,Montes Claros
3145505,Olímpio Noronha,472,493,4.4491525423728815,483,100.0,0.0,1.0,1.0,1.0,1.0,1.0,1.0,0.5,1.0,,3109,Pouso Alegre
3145604,Oliveira,7661,7150,-6.670147500326327,7090,-11.741682974559687,0.0,0.39285714285714285,0.9285714285714286,0.8214285714285714,0.6071428571428571,0.8888889,0.8148148148148148,0.2222222222222222,0.82716049603474,112.94444444,3113,Divinópolis
3145703,Oliveira Fortes,285,314,10.175438596491228,320,100.0,0.0,0.3333333333333333,1.0,1.0,0.6666666666666666,1.0,1.0,0.3333333333333333,0.8888888888888888,170.0,3106,Juíz de Fora
3145802,Onça de Pitangui,555,567,2.1621621621621623,496,100.0,0.0,0.8571428571428571,1.0,0.2857142857142857,0.9523809523809524,1.0,0.375,0.25,0.8333333333333334,118.16666667,3113,Divinópolis
3145851,Oratórios,1145,1095,-4.366812227074235,1001,-188.0,0.0,0.75,1.0,1.0,0.8333333333333334,1.0,1.0,0.25,0.9166666666666666,294.0,3106,Juíz de Fora
3145877,Orizânia,1706,1888,10.668229777256741,1796,100.0,0.0,0.5555555555555556,0.7777777777777778,0.3333333333333333,0.5925925925925927,1.0,0.3333333333333333,0.1111111111111111,0.8148148148148149,282.33333333,3106,Juíz de Fora
3145901,Ouro Branco,10140,8975,-11.489151873767259,9637,56.82403433476395,4.055710306406685,0.42857142857142855,0.7714285714285715,0.8571428571428571,0.6190476190476191,0.88235295,0.8529411764705882,0.14705882352941177,0.8235294141021429,118.47058824,3107,Barbacena
3146008,Ouro Fino,6950,6178,-11.107913669064748,6328,19.4300518134715,18.080284881838782,0.6,0.56,0.8,0.5733333333333334,0.5416667,0.8333333333333334,0.3333333333333333,0.5972222288449606,70.5,3109,Pouso Alegre
3146107,Ouro Preto,16925,15636,-7.6159527326440175,15996,27.928626842513577,0.0,0.33783783783783783,0.8648648648648649,0.8918918918918919,0.6171171171171171,0.96,0.88,0.14666666666666667,0.7911111039585538,199.63333333,3101,Belo Horizonte
3146206,Ouro Verde de Minas,1481,1560,5.334233625928427,1535,100.0,0.0,0.7272727272727273,0.2727272727272727,0.36363636363636365,0.6666666666666666,0.18181819,0.45454545454545453,0.18181818181818182,0.6969696987758983,20.25,3103,Teófilo Otoni
3146255,Padre Carvalho,1297,1275,-1.6962220508866617,1059,-981.8181818181819,0.0,0.2,0.2,0.3,0.20000000000000004,1.0,0.6,0.4,0.7999999999999999,287.125,3102,Montes Claros
3146305,Padre Paraíso,4443,4404,-0.8777852802160702,3981,-1084.6153846153848,0.0,0.19230769230769232,0.5,0.5,0.3717948717948718,0.9166667,0.5416666666666666,0.20833333333333334,0.666666673289405,160.3125,3103,Teófilo Otoni
3146404,Paineiras,763,705,-7.601572739187418,669,-62.06896551724138,0.0,0.5,1.0,1.0,0.7777777777777778,1.0,1.0,0.25,0.8333333333333334,221.0,3113,Divinópolis
3146503,Pains,1362,1297,-4.772393538913363,1273,-36.92307692307693,0.0,0.6,1.0,1.0,0.7333333333333334,1.0,1.0,0.4,1.0,153.0,3113,Divinópolis
3146552,Pai Pedro,1450,1375,-5.172413793103448,1269,-141.33333333333334,0.0,0.2857142857142857,0.8571428571428571,0.5714285714285714,0.6190476190476191,0.85714287,0.5714285714285714,0.14285714285714285,0.8571428599811736,169.0,3102,Montes Claros
3146602,Paiva,238,229,-3.7815126050420167,221,-88.88888888888889,0.0,0.3333333333333333,1.0,1.0,0.7777777777777777,1.0,1.0,0.3333333333333333,0.7777777777777777,146.0,3106,Juíz de Fora
3146701,Palma,995,925,-7.035175879396985,893,-45.714285714285715,0.0,0.2857142857142857,0.7142857142857143,1.0,0.4761904761904762,1.0,1.0,0.2857142857142857,0.619047619047619,161.5,3106,Juíz de Fora
3146750,Palmópolis,1396,1294,-7.306590257879657,1149,-142.15686274509804,0.0,0.25,0.5,0.75,0.375,0.85714287,0.8571428571428571,0.2857142857142857,0.5238095266478402,192.0,3103,Teófilo Otoni
3146909,Papagaios,3139,3103,-1.1468620579802484,2881,-616.6666666666667,0.0,0.35714285714285715,0.8571428571428571,0.9285714285714286,0.5714285714285714,1.0,0.9230769230769231,0.23076923076923078,0.8205128205128206,159.33333333,3113,Divinópolis
3147006,Paracatu,21576,20283,-5.992769744160178,22204,148.569218870843,2.775723512300942,0.3088235294117647,0.8382352941176471,0.7794117647058824,0.5784313725490197,0.8955224,0.7761194029850746,0.22388059701492538,0.636815929590766,157.52631579,3112,Patos de Minas
3147105,Pará de Minas,20156,19374,-3.879738043262552,19541,21.355498721227622,3.9072984412098686,0.47619047619047616,0.9682539682539683,0.873015873015873,0.693121693121693,0.9830508,0.9152542372881356,0.3050847457627119,0.9152542292061497,121.1875,3113,Divinópolis
3147204,Paraguaçu,3966,3607,-9.051941502773575,4079,131.47632311977716,0.0,0.46153846153846156,1.0,0.9230769230769231,0.7435897435897436,0.9285714,1.0,0.21428571428571427,0.9047618962469555,90.714285714,3108,Varginha
3147303,Paraisópolis,3728,3609,-3.1920600858369097,3970,303.3613445378151,0.0,0.9,0.7,1.0,0.8666666666666667,0.6923077,1.0,0.15384615384615385,0.7948718009850918,135.71428571,3109,Pouso Alegre
3147402,Paraopeba,5109,4802,-6.009003718927383,4637,-53.74592833876222,0.0,0.42857142857142855,0.9285714285714286,0.7857142857142857,0.7142857142857143,1.0,0.7857142857142857,0.2857142857142857,0.880952380952381,120.33333333,3101,Belo Horizonte
3147501,Passabém,344,314,-8.720930232558139,299,-50.0,0.0,0.6666666666666666,1.0,0.6666666666666666,0.8888888888888888,1.0,0.6666666666666666,0.3333333333333333,1.0,79.0,3101,Belo Horizonte
3147600,Passa Quatro,2939,2975,1.2249064307587616,2954,100.0,0.0,0.4117647058823529,0.9411764705882353,0.7058823529411765,0.607843137254902,1.0,0.7333333333333333,0.26666666666666666,0.7333333333333334,91.416666667,3109,Pouso Alegre
3147709,Passa Tempo,1285,1238,-3.6575875486381326,1309,151.06382978723406,0.0,0.5,1.0,0.8333333333333334,0.7777777777777778,1.0,0.8333333333333334,0.16666666666666666,0.9444444444444445,150.0,3113,Divinópolis
3147808,Passa Vinte,353,364,3.1161473087818696,383,100.0,0.0,0.0,0.6666666666666666,1.0,0.3333333333333333,0.6666667,1.0,0.3333333333333333,0.777777784400516,130.0,3106,Juíz de Fora
3147907,Passos,22520,22128,-1.7406749555950267,24038,487.2448979591836,6.2951916124367315,0.4918032786885246,0.9344262295081968,0.9180327868852459,0.7049180327868853,0.9836066,0.9180327868852459,0.2786885245901639,0.8306010994103437,83.0,3108,Varginha
3147956,Patis,1258,1385,10.095389507154213,1087,100.0,0.0,0.2857142857142857,0.7142857142857143,0.5714285714285714,0.5238095238095238,0.71428573,0.5714285714285714,0.14285714285714285,0.476190481867109,67.8,3102,Montes Claros
3148004,Patos de Minas,31048,29234,-5.8425663488791555,32269,167.30981256890848,2.7810084148594103,0.4842105263157895,0.8947368421052632,0.9157894736842105,0.6456140350877193,0.9519231,0.9230769230769231,0.25961538461538464,0.8141025625742399,93.35,3112,Patos de Minas
3148103,Patrocínio,20472,19606,-4.230168034388433,20810,139.0300230946882,4.299704172192186,0.6231884057971014,0.9855072463768116,0.8695652173913043,0.8454106280193238,1.0,0.8732394366197183,0.19718309859154928,0.812206572769953,90.527777778,3112,Patos de Minas
3148202,Patrocínio do Muriaé,902,928,2.882483370288248,857,100.0,0.0,0.0,1.0,1.0,0.4444444444444444,1.0,1.0,0.25,0.5833333333333334,247.0,3106,Juíz de Fora
3148301,Paula Cândido,1691,1557,-7.924305144884683,1352,-152.98507462686567,0.0,0.6,0.8,0.8,0.6,1.0,0.8,0.4,0.8666666666666667,69.333333333,3106,Juíz de Fora
3148400,Paulistas,1113,1048,-5.840071877807727,865,-281.53846153846155,0.0,0.18181818181818182,0.45454545454545453,0.5454545454545454,0.24242424242424243,0.8333333,0.8333333333333334,0.16666666666666666,0.833333326710595,115.33333333,3104,Governador Valadares
3148509,Pavão,1503,1485,-1.1976047904191618,1377,-600.0,0.0,0.375,0.625,0.625,0.5416666666666666,0.75,0.625,0.375,0.625,172.0,3103,Teófilo Otoni
3148608,Peçanha,3074,2952,-3.9687703318152243,2731,-181.14754098360655,0.0,0.3125,0.4375,0.5,0.3541666666666667,0.85714287,0.5714285714285714,0.2857142857142857,0.5714285742668879,189.08333333,3104,Governador Valadares
3148707,Pedra Azul,5665,5023,-11.332744924977934,5245,34.57943925233645,1.254230539518216,0.22727272727272727,0.6363636363636364,0.8181818181818182,0.4696969696969697,0.84210527,0.8421052631578947,0.2631578947368421,0.7017543880563033,130.6,3103,Teófilo Otoni
3148756,Pedra Bonita,1695,1724,1.710914454277286,1577,100.0,0.0,0.16666666666666666,0.16666666666666666,0.16666666666666666,0.2222222222222222,0.5,0.16666666666666666,0.16666666666666666,0.5833333333333334,23.9,3106,Juíz de Fora
3148806,Pedra do Anta,594,643,8.24915824915825,540,100.0,0.0,1.0,1.0,1.0,0.7777777777777778,1.0,1.0,0.3333333333333333,0.8888888888888888,168.0,3106,Juíz de Fora
3148905,Pedra do Indaiá,703,690,-1.849217638691323,667,-176.9230769230769,0.0,0.3333333333333333,0.5,0.5,0.4444444444444444,0.33333334,0.5,0.3333333333333333,0.6111111144224802,140.0,3113,Divinópolis
3149002,Pedra Dourada,619,634,2.4232633279483036,591,100.0,0.0,0.6666666666666666,1.0,1.0,0.7777777777777777,1.0,1.0,0.3333333333333333,0.8888888888888888,165.0,3106,Juíz de Fora
3149101,Pedralva,1903,1831,-3.783499737256963,1801,-41.66666666666667,0.0,0.4,0.9,0.5,0.6333333333333333,1.0,0.5555555555555556,0.2222222222222222,0.8148148148148149,153.875,3109,Pouso Alegre
3149150,Pedras de Maria da Cruz,2119,2076,-2.0292590844738085,2156,186.04651162790697,0.0,0.38461538461538464,0.6153846153846154,0.6153846153846154,0.5384615384615384,0.5714286,0.6428571428571429,0.2857142857142857,0.5714285799435207,287.57142857,3102,Montes Claros
3149200,Pedrinópolis,701,728,3.851640513552068,703,100.0,0.0,0.5,1.0,1.0,0.6666666666666666,1.0,1.0,0.25,0.9166666666666666,298.0,3110,Uberaba
3149309,Pedro Leopoldo,13545,12458,-8.025101513473606,13115,60.44158233670653,0.0,0.24489795918367346,0.9795918367346939,0.8979591836734694,0.5510204081632654,1.0,0.92,0.18,0.7666666666666667,95.833333333,3101,Belo Horizonte
3149408,Pedro Teixeira,337,312,-7.418397626112759,275,-148.0,0.0,0.3333333333333333,0.6666666666666666,0.6666666666666666,0.5555555555555555,1.0,1.0,0.5,1.0,,3106,Juíz de Fora
3149507,Pequeri,678,712,5.014749262536873,685,100.0,0.0,0.6,1.0,1.0,0.7333333333333334,1.0,1.0,0.2,0.7999999999999999,307.0,3106,Juíz de Fora
3149606,Pequi,765,781,2.091503267973856,813,100.0,0.0,0.6666666666666666,1.0,1.0,0.8888888888888888,1.0,1.0,0.3333333333333333,0.6666666666666666,284.0,3113,Divinópolis
3149705,Perdigão,2575,2528,-1.825242718446602,2997,997.872340425532,0.0,0.3333333333333333,1.0,1.0,0.611111111111111,1.0,1.0,0.16666666666666666,0.7222222222222222,108.0,3113,Divinópolis
3149804,Perdizes,3859,3681,-4.612593936252915,3992,174.7191011235955,0.0,0.42857142857142855,0.7857142857142857,0.6428571428571429,0.6666666666666666,1.0,0.5625,0.25,0.8958333333333334,104.83333333,3110,Uberaba
3149903,Perdões,3928,3839,-2.265784114052953,4023,206.74157303370788,0.0,0.6428571428571429,0.8571428571428571,0.8571428571428571,0.8095238095238096,1.0,0.8125,0.25,0.9166666666666666,43.181818182,3108,Varginha
3149952,Periquito,1882,1980,5.207226354941551,1630,100.0,0.0,0.3333333333333333,0.6666666666666666,0.8888888888888888,0.5185185185185185,0.7777778,0.8888888888888888,0.1111111111111111,0.6666666710818255,88.75,3105,Ipatinga
3150000,Pescador,778,774,-0.5141388174807198,670,-2600.0,0.0,0.3333333333333333,1.0,1.0,0.6666666666666666,1.0,1.0,0.3333333333333333,0.6666666666666666,284.0,3103,Teófilo Otoni
3150109,Piau,445,464,4.269662921348314,493,100.0,0.0,1.0,1.0,1.0,1.0,1.0,1.0,0.5,1.0,,3106,Juíz de Fora
3150158,Piedade de Caratinga,2063,1960,-4.992729035385361,1878,-79.6116504854369,0.0,0.25,0.75,0.75,0.5,1.0,0.75,0.25,0.5833333333333334,100.0,3105,Ipatinga
3150208,Piedade de Ponte Nova,828,829,0.12077294685990338,803,100.0,0.0,0.25,1.0,1.0,0.6666666666666666,1.0,1.0,0.3333333333333333,0.6666666666666666,309.0,3106,Juíz de Fora
3150307,Piedade do Rio Grande,771,680,-11.802853437094681,747,73.62637362637363,0.0,0.5,1.0,1.0,0.6666666666666666,1.0,1.0,0.25,0.9166666666666666,170.0,3107,Barbacena
3150406,Piedade dos Gerais,844,859,1.7772511848341233,776,100.0,0.0,0.8333333333333334,1.0,0.5,0.7222222222222223,1.0,0.5,0.16666666666666666,0.7222222222222223,284.0,3113,Divinópolis
3150505,Pimenta,1444,1329,-7.963988919667591,1384,47.82608695652174,0.0,0.16666666666666666,0.8333333333333334,1.0,0.6111111111111112,0.71428573,1.0,0.14285714285714285,0.6190476247242519,82.666666667,3113,Divinópolis
3150539,Pingo-d'Água,1239,1170,-5.569007263922518,1047,-178.26086956521738,0.0,0.5,1.0,1.0,0.75,1.0,1.0,0.25,1.0,151.0,3105,Ipatinga
3150570,Pintópolis,1892,1837,-2.9069767441860463,1704,-241.8181818181818,0.0,0.7777777777777778,0.6666666666666666,0.4444444444444444,0.5555555555555555,0.5714286,0.5714285714285714,0.42857142857142855,0.4285714370863778,165.0,3102,Montes Claros
3150604,Piracema,1142,1143,0.08756567425569177,1103,100.0,0.0,0.2857142857142857,0.5714285714285714,0.5714285714285714,0.42857142857142855,0.85714287,0.7142857142857143,0.14285714285714285,0.9047619076002212,215.0,3113,Divinópolis
3150703,Pirajuba,1351,1343,-0.5921539600296076,1387,550.0,0.0,0.5,1.0,0.75,0.8333333333333334,1.0,1.0,0.3333333333333333,1.0,176.0,3110,Uberaba
3150802,Piranga,3013,2800,-7.069366080318619,2535,-124.4131455399061,0.0,0.29411764705882354,0.4117647058823529,0.4117647058823529,0.35294117647058826,1.0,0.4375,0.3125,0.9583333333333334,184.53333333,3107,Barbacena
3150901,Piranguçu,1039,1021,-1.7324350336862366,1054,183.33333333333331,0.0,0.16666666666666666,0.5,0.5,0.27777777777777773,0.8333333,0.5,0.16666666666666666,0.7777777711550394,290.0,3109,Pouso Alegre
3151008,Piranguinho,1949,1848,-5.182144689584402,1783,-64.35643564356435,0.0,1.0,0.875,1.0,0.875,1.0,1.0,0.125,1.0,98.25,3109,Pouso Alegre
3151107,Pirapetinga,2112,2073,-1.8465909090909092,2099,66.66666666666666,0.0,0.5454545454545454,1.0,1.0,0.7272727272727272,1.0,1.0,0.09090909090909091,1.0,90.0,3106,Juíz de Fora
3151206,Pirapora,14065,13390,-4.799146818343406,14103,105.62962962962963,9.648991784914115,0.5111111111111111,1.0,1.0,0.6962962962962962,1.0,1.0,0.25,0.8263888888888888,198.29411765,3102,Montes Claros
3151305,Piraúba,2120,2106,-0.6603773584905661,2062,-314.2857142857143,0.0,0.5,0.875,0.875,0.7083333333333334,0.8888889,0.8888888888888888,0.3333333333333333,0.8888888910964683,137.0,3106,Juíz de Fora
3151404,Pitangui,5590,5439,-2.701252236135957,5203,-156.2913907284768,0.0,0.5,0.75,0.6666666666666666,0.6527777777777778,1.0,0.6956521739130435,0.2608695652173913,0.753623188405797,49.0,3113,Divinópolis
3151503,Piumhi,7471,7061,-5.4878864944451875,7055,-1.4634146341463417,5.381673983854978,0.5,0.6538461538461539,0.9615384615384616,0.5512820512820512,0.7777778,0.9629629629629629,0.14814814814814814,0.7407407451558997,122.23076923,3108,Varginha
3151602,Planura,2354,2179,-7.434154630416312,2409,131.42857142857142,0.0,0.75,1.0,1.0,0.8333333333333334,1.0,1.0,0.25,0.8333333333333334,124.0,3110,Uberaba
3151701,Poço Fundo,2742,2622,-4.3763676148796495,2456,-138.33333333333334,6.521739130434782,0.23076923076923078,0.6153846153846154,0.6153846153846154,0.5641025641025642,0.90909094,0.7272727272727273,0.18181818181818182,0.9393939484249462,,3108,Varginha
3151800,Poços de Caldas,33536,32393,-3.4082776717557253,33779,121.25984251968505,2.309140863766863,0.4339622641509434,0.9056603773584906,0.9622641509433962,0.6257861635220126,0.9734513,0.9646017699115044,0.08849557522123894,0.846607665924196,78.272727273,3109,Pouso Alegre
3151909,Pocrane,1457,1442,-1.029512697323267,1396,-306.6666666666667,0.0,0.18181818181818182,0.5454545454545454,0.45454545454545453,0.3636363636363636,1.0,0.5,0.3333333333333333,0.8055555555555555,87.571428571,3106,Juíz de Fora
3152006,Pompéu,6671,6555,-1.738869734672463,6768,183.6206896551724,0.0,0.28,0.96,0.96,0.5733333333333334,0.95652175,0.9565217391304348,0.21739130434782608,0.65217391649882,125.08333333,3113,Divinópolis
3152105,Ponte Nova,13656,13158,-3.646748681898067,12722,-87.55020080321285,10.700714394284844,0.6511627906976745,1.0,0.9302325581395349,0.8062015503875969,0.95555556,0.9333333333333333,0.17777777777777778,0.9037037045867354,135.72727273,3106,Juíz de Fora
3152131,Ponto Chique,1009,994,-1.4866204162537164,950,-293.3333333333333,0.0,0.25,0.75,0.75,0.5,0.8,0.8,0.2,0.600000003973643,298.0,3102,Montes Claros
3152170,Ponto dos Volantes,2814,2615,-7.07178393745558,2418,-98.99497487437185,0.0,0.11764705882352941,0.17647058823529413,0.29411764705882354,0.1372549019607843,0.1764706,0.29411764705882354,0.17647058823529413,0.2745098053824668,114.23076923,3103,Teófilo Otoni
3152204,Porteirinha,8449,8513,0.7574860930287608,8177,100.0,10.207917302948431,0.425,0.475,0.675,0.4583333333333333,0.51282054,0.5641025641025641,0.3333333333333333,0.7435897532691303,270.54545455,3102,Montes Claros
3152303,Porto Firme,1544,1607,4.080310880829016,1595,100.0,0.0,0.3076923076923077,0.3076923076923077,0.3076923076923077,0.3333333333333333,1.0,0.3076923076923077,0.23076923076923078,0.7948717948717948,109.6,3106,Juíz de Fora
3152402,Poté,3249,2952,-9.141274238227147,2702,-84.17508417508418,0.0,0.16666666666666666,0.6666666666666666,0.6111111111111112,0.38888888888888884,0.8125,0.625,0.3125,0.6041666666666666,210.36363636,3103,Teófilo Otoni
3152501,Pouso Alegre,35408,36507,3.103818346136466,38529,100.0,12.26614074013203,0.49,0.97,0.94,0.6866666666666666,0.95049506,0.9504950495049505,0.1485148514851485,0.8382838333007133,34.272727273,3109,Pouso Alegre
3152600,Pouso Alto,1015,982,-3.251231527093596,1035,160.6060606060606,0.0,0.42857142857142855,1.0,0.7142857142857143,0.6190476190476191,0.8333333,0.8333333333333334,0.16666666666666666,0.8333333267105951,114.4,3109,Pouso Alegre
3152709,Prados,1599,1489,-6.879299562226391,1480,-8.181818181818182,0.0,0.1111111111111111,0.7777777777777778,0.6666666666666666,0.4444444444444444,0.875,0.625,0.125,0.7916666666666666,290.83333333,3107,Barbacena
3152808,Prata,5537,5408,-2.3297814701101682,5971,436.43410852713174,0.0,0.3684210526315789,0.7368421052631579,0.8421052631578947,0.631578947368421,0.8,0.8,0.2,0.7666666706403097,104.92857143,3111,Uberlândia
3152907,Pratápolis,1428,1259,-11.834733893557422,1370,65.68047337278107,0.0,0.5,1.0,1.0,0.7222222222222222,1.0,1.0,0.4,0.7333333333333334,77.0,3108,Varginha
3153004,Pratinha,762,761,-0.13123359580052493,723,-3800.0,0.0,0.75,0.75,1.0,0.6666666666666666,0.75,1.0,0.25,0.8333333333333334,155.0,3110,Uberaba
3153103,Presidente Bernardes,1014,899,-11.341222879684418,790,-94.78260869565217,0.0,0.16666666666666666,0.3333333333333333,0.25,0.25,0.42857143,0.42857142857142855,0.2857142857142857,0.3809523823715391,155.2,3106,Juíz de Fora
3153202,Presidente Juscelino,773,703,-9.055627425614489,635,-97.14285714285714,0.0,1.0,1.0,0.6,0.7999999999999999,1.0,0.6,0.2,0.9333333333333332,130.0,3101,Belo Horizonte
3153301,Presidente Kubitschek,964,955,-0.9336099585062241,869,-955.5555555555555,0.0,0.6666666666666666,1.0,1.0,0.7777777777777777,1.0,1.0,0.3333333333333333,0.8888888888888888,0.0,3103,Teófilo Otoni
3153400,Presidente Olegário,3768,3517,-6.66135881104034,3356,-64.14342629482071,7.96133067955644,0.5238095238095238,0.9047619047619048,0.7142857142857143,0.6825396825396824,0.95238096,0.6666666666666666,0.23809523809523808,0.7936507945968992,143.66666667,3112,Patos de Minas
3153509,Alto Jequitibá,1496,1492,-0.267379679144385,1396,-2400.0,0.0,0.5384615384615384,0.7692307692307693,0.3076923076923077,0.6666666666666666,1.0,0.36363636363636365,0.18181818181818182,0.9696969696969697,238.375,3106,Juíz de Fora
3153608,Prudente de Morais,2490,2252,-9.558232931726907,2245,-2.941176470588235,0.0,0.5,1.0,1.0,0.6,1.0,1.0,0.3,0.7666666666666666,156.4,3101,Belo Horizonte
3153707,Quartel Geral,682,669,-1.906158357771261,601,-523.0769230769231,0.0,0.6666666666666666,0.6666666666666666,1.0,0.6666666666666666,0.6666667,1.0,0.3333333333333333,0.5555555621782938,0.0,3113,Divinópolis
3153806,Queluzito,287,271,-5.574912891986063,306,218.75,0.0,0.5,1.0,1.0,0.6666666666666666,1.0,1.0,0.3333333333333333,1.0,,3107,Barbacena
3153905,Raposos,2986,2790,-6.5639651707970526,2758,-16.3265306122449,0.0,0.35714285714285715,1.0,0.9285714285714286,0.6428571428571429,1.0,0.9230769230769231,0.23076923076923078,0.8461538461538461,123.0,3101,Belo Horizonte
3154002,Raul Soares,4674,4503,-3.6585365853658534,4472,-18.128654970760234,7.261825449700201,0.6666666666666666,0.5833333333333334,0.7083333333333334,0.6666666666666666,0.875,0.7083333333333334,0.3333333333333333,0.9166666666666666,118.44444444,3105,Ipatinga
3154101,Recreio,1717,1572,-8.44496214327315,1561,-7.586206896551724,0.0,0.6,1.0,1.0,0.7333333333333334,1.0,1.0,0.2222222222222222,0.7037037037037037,128.0,3106,Juíz de Fora
3154150,Reduto,1515,1505,-0.6600660066006601,1632,1270.0,0.0,0.1111111111111111,0.5555555555555556,0.6666666666666666,0.29629629629629634,0.44444445,0.6666666666666666,0.2222222222222222,0.333333334437123,114.75,3106,Juíz de Fora
3154200,Resende Costa,2029,1962,-3.3021192705766387,1865,-144.77611940298507,0.0,0.375,0.875,0.5,0.5833333333333334,1.0,0.5,0.125,0.625,0.0,3107,Barbacena
3154309,Resplendor,3059,3010,-1.6018306636155606,3044,69.38775510204081,0.0,0.4375,0.6875,0.875,0.5,0.875,0.875,0.1875,0.8125,122.27272727,3104,Governador Valadares
3154408,Ressaquinha,843,801,-4.98220640569395,799,-4.761904761904762,0.0,0.5,0.8333333333333334,0.5,0.7222222222222223,0.8333333,0.5,0.16666666666666666,0.7777777711550394,205.66666667,3107,Barbacena
3154457,Riachinho,1489,1543,3.626595030221625,1526,100.0,0.0,0.3,0.6,0.5,0.4333333333333333,0.8,0.5,0.3,0.7000000039736429,271.2,3112,Patos de Minas
3154507,Riacho dos Machados,1921,1825,-4.997397188964081,1656,-176.04166666666669,0.0,0.0,0.6,0.4,0.2333333333333333,0.44444445,0.4444444444444444,0.1111111111111111,0.25925926036304897,287.125,3102,Montes Claros
3154606,Ribeirão das Neves,72080,67504,-6.348501664816871,68787,28.03758741258741,2.3183811329698982,0.4148148148148148,0.9777777777777777,1.0,0.6419753086419754,0.96428573,1.0,0.3357142857142857,0.8904761961528234,73.732394366,3101,Belo Horizonte
3154705,Ribeirão Vermelho,689,657,-4.644412191582003,714,178.125,0.0,0.25,0.75,0.75,0.4166666666666667,0.75,0.75,0.25,0.4166666666666667,130.0,3108,Varginha
3154804,Rio Acima,2143,1899,-11.38590760615959,1912,5.327868852459016,0.0,0.625,0.875,0.875,0.625,1.0,0.8888888888888888,0.1111111111111111,0.9259259259259259,110.0,3101,Belo Horizonte
3154903,Rio Casca,3016,2702,-10.411140583554376,2477,-71.656050955414,0.0,0.16666666666666666,1.0,0.9166666666666666,0.5277777777777778,0.9166667,0.9166666666666666,0.08333333333333333,0.7222222288449606,89.0,3106,Juíz de Fora
3155009,Rio Doce,475,480,1.0526315789473684,499,100.0,0.0,0.6666666666666666,1.0,1.0,0.8888888888888888,1.0,1.0,0.3333333333333333,1.0,135.0,3106,Juíz de Fora
3155108,Rio do Prado,1013,1013,0.0,959,100.0,0.0,1.0,1.0,0.8,0.8666666666666667,1.0,0.8,0.4,0.8666666666666667,80.5,3103,Teófilo Otoni
3155207,Rio Espera,842,760,-9.73871733966746,654,-129.26829268292684,0.0,0.2857142857142857,0.42857142857142855,0.2857142857142857,0.42857142857142855,1.0,0.4,0.4,0.9333333333333332,133.33333333,3107,Barbacena
3155306,Rio Manso,829,776,-6.393244873341375,811,66.0377358490566,0.0,0.6666666666666666,1.0,0.6666666666666666,0.8333333333333334,0.8,0.8,0.2,0.7333333373069765,71.666666667,3113,Divinópolis
3155405,Rio Novo,1479,1535,3.786342123056119,1334,100.0,0.0,0.2857142857142857,1.0,1.0,0.5238095238095237,1.0,1.0,0.2857142857142857,0.7619047619047619,317.0,3106,Juíz de Fora
3155504,Rio Paranaíba,2609,2635,0.9965504024530472,2903,100.0,0.0,0.17647058823529413,0.5294117647058824,0.7647058823529411,0.3137254901960784,0.8666667,0.8,0.06666666666666667,0.6444444470935397,123.875,3112,Patos de Minas
3155603,Rio Pardo de Minas,5903,5818,-1.4399457902761308,5618,-235.29411764705884,0.0,0.23076923076923078,0.7307692307692307,0.46153846153846156,0.5,0.9230769,0.46153846153846156,0.34615384615384615,0.7179487194770422,69.176470588,3102,Montes Claros
3155702,Rio Piracicaba,2930,2710,-7.508532423208192,2881,77.72727272727272,3.985239852398524,0.5,0.9375,0.9375,0.6666666666666666,1.0,0.9375,0.25,0.8125,85.857142857,3105,Ipatinga
3155801,Rio Pomba,3567,3563,-0.112139052425007,3796,5825.0,3.564412012349144,0.6,0.9,1.0,0.8333333333333334,0.9,1.0,0.1,0.9666666587193807,61.0,3106,Juíz de Fora
3155900,Rio Preto,753,754,0.13280212483399734,726,100.0,0.0,0.42857142857142855,0.8571428571428571,0.5714285714285714,0.7619047619047619,1.0,1.0,0.25,0.9166666666666666,181.75,3106,Juíz de Fora
3156007,Rio Vermelho,2867,2617,-8.719916288803628,2284,-133.20000000000002,6.07565915170042,0.18181818181818182,0.45454545454545453,0.36363636363636365,0.2727272727272727,0.90909094,0.36363636363636365,0.22727272727272727,0.5303030393340371,245.58823529,3104,Governador Valadares
3156106,Ritápolis,750,727,-3.0666666666666664,800,317.39130434782606,0.0,0.2,0.4,0.4,0.26666666666666666,1.0,0.4,0.2,0.6,155.0,3107,Barbacena
3156205,Rochedo de Minas,488,488,0.0,512,100.0,0.0,0.5,1.0,1.0,0.75,1.0,1.0,0.3333333333333333,1.0,0.0,3106,Juíz de Fora
3156304,Rodeiro,1796,1707,-4.955456570155902,1831,139.32584269662922,0.0,0.5,1.0,1.0,0.8333333333333334,1.0,1.0,0.2,0.9333333333333332,155.5,3106,Juíz de Fora
3156403,Romaria,694,630,-9.221902017291066,622,-12.5,0.0,0.0,1.0,1.0,0.5555555555555555,1.0,1.0,0.3333333333333333,0.6666666666666666,181.0,3111,Uberlândia
3156452,Rosário da Limeira,965,905,-6.217616580310881,950,75.0,0.0,0.0,1.0,0.75,0.5833333333333334,1.0,0.75,0.25,0.5,182.0,3106,Juíz de Fora
3156502,Rubelita,1538,1451,-5.65669700910273,1104,-398.85057471264366,0.0,0.38461538461538464,0.46153846153846156,0.3076923076923077,0.38461538461538464,0.5,0.5,0.25,0.5555555555555555,114.875,3102,Montes Claros
3156601,Rubim,1834,1742,-5.0163576881134135,1705,-40.21739130434783,0.0,0.625,0.875,0.75,0.5833333333333334,0.875,0.75,0.25,0.75,131.0,3103,Teófilo Otoni
3156700,Sabará,25291,23995,-5.124352536475426,23158,-64.58333333333334,0.0,0.463768115942029,0.9420289855072463,0.9710144927536232,0.7053140096618358,0.9830508,0.9661016949152542,0.2542372881355932,0.8248587489801612,63.742857143,3101,Belo Horizonte
3156809,Sabinópolis,3596,3494,-2.836484983314794,3176,-311.7647058823529,9.587864911276474,0.23809523809523808,0.8095238095238095,0.7619047619047619,0.4285714285714286,0.9047619,0.7619047619047619,0.3333333333333333,0.61904762093983,159.36363636,3104,Governador Valadares
3156908,Sacramento,5780,5471,-5.346020761245675,6394,298.705501618123,0.0,0.55,0.95,0.8,0.7166666666666667,0.95,0.8,0.2,0.8166666626930237,60.666666667,3110,Uberaba
3157005,Salinas,9001,8219,-8.68792356404844,8413,24.808184143222505,0.0,0.37142857142857144,0.6,0.7142857142857143,0.5238095238095238,0.8947368,0.7631578947368421,0.21052631578947367,0.8070175386311714,112.06666667,3102,Montes Claros
3157104,Salto da Divisa,1610,1481,-8.012422360248447,1311,-131.7829457364341,0.0,0.0,0.8,0.8,0.4666666666666666,0.8,0.8,0.4,0.600000003973643,253.0,3103,Teófilo Otoni
3157203,Santa Bárbara,6510,6304,-3.164362519201229,6059,-118.93203883495144,0.0,0.4166666666666667,0.875,0.7916666666666666,0.75,0.5416667,0.7916666666666666,0.16666666666666666,0.6805555621782938,199.5,3101,Belo Horizonte
3157252,Santa Bárbara do Leste,1609,1558,-3.1696706028589183,1542,-31.372549019607842,0.0,0.3333333333333333,0.8333333333333334,0.5,0.5555555555555556,1.0,0.5,0.16666666666666666,0.8888888888888888,42.4,3105,Ipatinga
3157278,Santa Bárbara do Monte Verde,635,593,-6.6141732283464565,566,-64.28571428571429,0.0,0.3333333333333333,0.8333333333333334,0.6666666666666666,0.5555555555555556,1.0,1.0,0.25,0.75,168.0,3106,Juíz de Fora
3157302,Santa Bárbara do Tugúrio,772,776,0.5181347150259068,823,100.0,0.0,0.25,1.0,1.0,0.6666666666666666,1.0,1.0,0.3333333333333333,0.6666666666666666,302.0,3107,Barbacena
3157336,Santa Cruz de Minas,806,786,-2.481389578163772,1023,1185.0,0.0,0.6666666666666666,0.3333333333333333,1.0,0.5555555555555555,0.8,1.0,0.2,0.6666666706403097,,3107,Barbacena
3157377,Santa Cruz de Salinas,1025,942,-8.097560975609756,834,-130.12048192771084,0.0,0.4444444444444444,0.5555555555555556,0.2222222222222222,0.40740740740740744,0.625,0.25,0.25,0.4166666666666667,135.5,3102,Montes Claros
3157401,Santa Cruz do Escalvado,769,795,3.3810143042912877,629,100.0,0.0,0.14285714285714285,0.5714285714285714,0.7142857142857143,0.42857142857142855,1.0,1.0,0.14285714285714285,0.7142857142857143,205.5,3106,Juíz de Fora
3157500,Santa Efigênia de Minas,937,839,-10.458911419423693,790,-50.0,0.0,0.125,0.125,0.375,0.125,0.6,0.6,0.2,0.6666666746139526,217.0,3104,Governador Valadares
3157609,Santa Fé de Minas,776,733,-5.541237113402062,658,-174.41860465116278,0.0,0.75,1.0,0.75,0.6666666666666666,1.0,0.75,0.25,0.9166666666666666,284.0,3102,Montes Claros
3157658,Santa Helena de Minas,1504,1469,-2.327127659574468,1651,520.0,0.0,0.5,0.6666666666666666,0.5,0.49999999999999994,0.71428573,0.8571428571428571,0.42857142857142855,0.4285714342480613,290.25,3103,Teófilo Otoni
3157708,Santa Juliana,2938,3012,2.518720217835262,3524,100.0,0.0,0.1,0.9,1.0,0.5,0.90909094,1.0,0.09090909090909091,0.7575757666067644,81.5,3110,Uberaba
3157807,Santa Luzia,47675,44722,-6.194022024121657,47328,88.24923806298679,0.9257188855596797,0.4457831325301205,0.9397590361445783,0.9759036144578314,0.7028112449799196,0.9285714,0.9761904761904762,0.25,0.7499999914850507,140.20454545,3101,Belo Horizonte
3157906,Santa Margarida,3588,3569,-0.5295429208472687,3489,-421.05263157894734,0.0,0.125,0.20833333333333334,0.375,0.2638888888888889,0.3478261,0.30434782608695654,0.13043478260869565,0.4057971036088639,253.55555556,3106,Juíz de Fora
3158003,Santa Maria de Itabira,2336,2149,-8.00513698630137,2099,-26.737967914438503,0.0,0.5,1.0,0.75,0.7083333333333334,1.0,0.7142857142857143,0.2857142857142857,0.9047619047619048,108.0,3101,Belo Horizonte
3158102,Santa Maria do Salto,1059,995,-6.043437204910293,1027,50.0,0.0,1.0,1.0,0.6,0.7999999999999999,1.0,0.6,0.2,1.0,292.33333333,3103,Teófilo Otoni
3158201,Santa Maria do Suaçuí,3308,3204,-3.143893591293833,2930,-263.46153846153845,10.049937578027466,0.47058823529411764,0.4117647058823529,0.7647058823529411,0.45098039215686275,0.9375,0.8125,0.375,0.7291666666666666,257.7,3104,Governador Valadares
3158300,Santana da Vargem,1419,1171,-17.477096546863987,1299,51.61290322580645,0.0,0.5,1.0,0.875,0.625,0.875,0.875,0.375,0.9166666666666666,162.0,3108,Varginha
3158409,Santana de Cataguases,606,587,-3.1353135313531353,588,5.263157894736842,0.0,0.6666666666666666,1.0,1.0,0.7777777777777777,1.0,1.0,0.3333333333333333,0.7777777777777777,217.0,3106,Juíz de Fora
3158508,Santana de Pirapama,1272,1161,-8.726415094339622,1004,-141.44144144144144,0.0,0.2727272727272727,0.36363636363636365,0.2727272727272727,0.30303030303030304,0.5714286,0.42857142857142855,0.42857142857142855,0.5714285799435207,78.25,3101,Belo Horizonte
3158607,Santana do Deserto,700,706,0.8571428571428572,699,100.0,0.0,0.14285714285714285,0.42857142857142855,0.8571428571428571,0.42857142857142855,0.8333333,1.0,0.16666666666666666,0.722222215599484,311.0,3106,Juíz de Fora
3158706,Santana do Garambéu,402,421,4.72636815920398,375,100.0,0.0,0.3333333333333333,0.6666666666666666,1.0,0.5555555555555555,0.6666667,1.0,0.3333333333333333,0.5555555621782938,284.0,3107,Barbacena
3158805,Santana do Jacaré,754,794,5.305039787798409,695,100.0,0.0,0.3333333333333333,1.0,1.0,0.5555555555555555,1.0,1.0,0.3333333333333333,0.8888888888888888,125.0,3108,Varginha
3158904,Santana do Manhuaçu,1672,1697,1.4952153110047848,1734,100.0,0.0,0.06666666666666667,0.26666666666666666,0.4666666666666667,0.17777777777777778,0.4,0.5333333333333333,0.2,0.2888888908757104,145.45454545,3106,Juíz de Fora
3158953,Santana do Paraíso,5905,5748,-2.6587637595258258,6341,377.7070063694267,0.0,0.30434782608695654,1.0,0.9565217391304348,0.6666666666666666,1.0,0.9545454545454546,0.2727272727272727,0.7575757575757575,118.0,3105,Ipatinga
3159001,Santana do Riacho,976,994,1.8442622950819672,1122,100.0,0.0,0.16666666666666666,0.6666666666666666,1.0,0.38888888888888884,1.0,1.0,0.2857142857142857,0.8571428571428572,114.0,3101,Belo Horizonte
3159100,Santana dos Montes,671,650,-3.129657228017884,591,-280.9523809523809,0.0,0.5,0.5,0.6666666666666666,0.5,1.0,0.6666666666666666,0.16666666666666666,0.7777777777777778,0.0,3107,Barbacena
3159209,Santa Rita de Caldas,1331,1248,-6.235912847483095,1214,-40.963855421686745,0.0,0.5,0.75,0.875,0.5416666666666666,0.75,0.875,0.25,0.6666666666666666,185.75,3109,Pouso Alegre
3159308,Santa Rita de Jacutinga,858,907,5.710955710955711,883,100.0,0.0,0.0,0.6666666666666666,1.0,0.3333333333333333,1.0,1.0,0.25,0.75,81.0,3106,Juíz de Fora
3159357,Santa Rita de Minas,1297,1182,-8.866615265998458,1267,73.91304347826086,0.0,1.0,1.0,0.75,1.0,1.0,0.75,0.25,1.0,142.0,3105,Ipatinga
3159407,Santa Rita de Ibitipoca,648,665,2.6234567901234565,582,100.0,0.0,0.2857142857142857,0.7142857142857143,0.7142857142857143,0.5238095238095238,1.0,0.8333333333333334,0.16666666666666666,0.7222222222222222,291.0,3107,Barbacena
3159506,Santa Rita do Itueto,1305,1213,-7.049808429118774,1260,51.08695652173913,0.0,0.8461538461538461,0.46153846153846156,0.38461538461538464,0.5128205128205129,0.46153846,0.38461538461538464,0.15384615384615385,0.4615384623026237,144.9,3104,Governador Valadares
3159605,Santa Rita do Sapucaí,9984,9559,-4.256810897435898,9827,63.05882352941177,8.567841824458625,0.3103448275862069,0.9310344827586207,0.8275862068965517,0.6206896551724138,0.93333334,0.8333333333333334,0.13333333333333333,0.7555555568801031,92.357142857,3109,Pouso Alegre
3159704,Santa Rosa da Serra,806,754,-6.451612903225806,790,69.23076923076923,0.0,0.4,0.6,0.6,0.39999999999999997,1.0,0.6,0.2,0.6666666666666666,224.0,3110,Uberaba
3159803,Santa Vitória,4222,4027,-4.6186641402179065,4104,39.48717948717949,0.0,0.5333333333333333,0.9333333333333333,0.8666666666666667,0.7111111111111111,0.93333334,0.8666666666666667,0.2,0.8000000013245477,163.0,3111,Uberlândia
3159902,Santo Antônio do Amparo,3567,3373,-5.43874404261284,3435,31.958762886597935,0.0,0.3888888888888889,0.7222222222222222,0.8333333333333334,0.5370370370370371,1.0,0.8095238095238095,0.14285714285714285,0.9365079365079364,43.555555556,3108,Varginha
3160009,Santo Antônio do Aventureiro,645,662,2.635658914728682,655,100.0,0.0,1.0,1.0,0.75,1.0,1.0,0.75,0.25,1.0,308.0,3106,Juíz de Fora
3160108,Santo Antônio do Grama,939,927,-1.2779552715654952,947,166.66666666666669,0.0,0.5,0.5,1.0,0.5833333333333334,0.5,1.0,0.25,0.6666666666666666,,3106,Juíz de Fora
3160207,Santo Antônio do Itambé,1056,976,-7.575757575757576,864,-140.0,0.0,0.0,1.0,1.0,0.4444444444444444,1.0,1.0,0.25,0.75,147.0,3103,Teófilo Otoni
3160306,Santo Antônio do Jacinto,2487,2397,-3.618817852834741,2180,-241.1111111111111,0.0,0.26666666666666666,0.3333333333333333,0.8,0.4222222222222222,0.5,0.5,0.3333333333333333,0.47222222222222227,288.0,3103,Teófilo Otoni
3160405,Santo Antônio do Monte,5333,5112,-4.144009000562535,5440,148.4162895927602,0.0,0.375,0.9583333333333334,0.875,0.6666666666666666,1.0,0.84,0.16,0.9066666666666666,37.545454545,3113,Divinópolis
3160454,Santo Antônio do Retiro,1624,1569,-3.386699507389163,1488,-147.27272727272725,0.0,0.4,1.0,0.6,0.6666666666666666,0.6666667,0.6666666666666666,0.16666666666666666,0.6111111177338494,122.0,3102,Montes Claros
3160504,Santo Antônio do Rio Abaixo,461,448,-2.8199566160520604,359,-684.6153846153845,0.0,1.0,1.0,1.0,0.7777777777777778,1.0,1.0,0.3333333333333333,0.6666666666666666,,3101,Belo Horizonte
3160603,Santo Hipólito,596,512,-14.093959731543624,490,-26.190476190476193,0.0,0.25,0.875,0.875,0.5,0.875,0.875,0.25,0.7916666666666666,200.0,3101,Belo Horizonte
3160702,Santos Dumont,9248,8534,-7.720588235294118,8482,-7.282913165266107,0.4101242090461683,0.5333333333333333,0.6666666666666666,0.7555555555555555,0.6,1.0,0.7619047619047619,0.21428571428571427,0.7698412698412699,195.68,3106,Juíz de Fora
3160801,São Bento Abade,1208,1084,-10.264900662251655,1155,57.25806451612904,0.0,0.3333333333333333,1.0,1.0,0.6666666666666666,1.0,1.0,0.25,0.9166666666666666,176.0,3108,Varginha
3160900,São Brás do Suaçuí,972,885,-8.950617283950617,849,-41.37931034482759,0.0,0.6666666666666666,1.0,1.0,0.7777777777777777,1.0,1.0,0.3333333333333333,1.0,194.0,3107,Barbacena
3160959,São Domingos das Dores,1538,1404,-8.712613784135241,1408,2.9850746268656714,0.0,0.3333333333333333,0.5,0.6666666666666666,0.5,0.6666667,0.6666666666666666,0.16666666666666666,0.6666666732894049,0.0,3105,Ipatinga
3161007,São Domingos do Prata,3162,3000,-5.1233396584440225,2971,-17.901234567901234,0.0,0.3125,0.5,0.75,0.4375,0.7,0.85,0.25,0.5166666626930237,190.85714286,3105,Ipatinga
3161056,São Félix de Minas,800,803,0.375,749,100.0,0.0,1.0,1.0,1.0,1.0,1.0,1.0,0.5,1.0,,3104,Governador Valadares
3161106,São Francisco,12924,12539,-2.9789538842463634,12950,106.75324675324676,0.0,0.35714285714285715,0.8333333333333334,0.5238095238095238,0.5555555555555555,0.8780488,0.5365853658536586,0.43902439024390244,0.7479674787056156,279.68965517,3102,Montes Claros
3161205,São Francisco de Paula,1240,1083,-12.661290322580646,1136,33.75796178343949,0.0,0.5,0.16666666666666666,0.8333333333333334,0.3333333333333333,0.25,1.0,0.25,0.5833333333333334,44.666666667,3113,Divinópolis
3161304,São Francisco de Sales,1236,1210,-2.103559870550162,1239,111.53846153846155,6.198347107438017,0.4,1.0,1.0,0.5333333333333333,1.0,1.0,0.2,0.8666666666666667,156.5,3110,Uberaba
3161403,São Francisco do Glória,885,861,-2.711864406779661,806,-229.16666666666666,0.0,0.0,0.6666666666666666,1.0,0.4444444444444444,1.0,1.0,0.5,1.0,180.0,3106,Juíz de Fora
3161502,São Geraldo,1669,1643,-1.5578190533253444,1766,473.0769230769231,0.0,0.6666666666666666,0.8333333333333334,0.8333333333333334,0.7777777777777778,1.0,0.8333333333333334,0.5,1.0,107.33333333,3106,Juíz de Fora
3161601,São Geraldo da Piedade,794,733,-7.682619647355164,684,-80.32786885245902,0.0,0.0,0.5,0.5,0.25,1.0,0.5,0.25,0.9166666666666666,252.0,3104,Governador Valadares
3161650,São Geraldo do Baixio,688,578,-15.988372093023257,750,156.36363636363637,0.0,0.2,0.8,0.8,0.6,1.0,0.8,0.2,0.6666666666666666,295.0,3104,Governador Valadares
3161700,São Gonçalo do Abaeté,1242,1210,-2.576489533011272,1122,-275.0,0.0,0.2222222222222222,0.7777777777777778,0.7777777777777778,0.4444444444444444,0.8888889,0.7777777777777778,0.1111111111111111,0.7037037059112832,180.85714286,3112,Patos de Minas
3161809,São Gonçalo do Pará,2556,2333,-8.724569640062597,2368,15.695067264573993,12.987569652807544,0.8888888888888888,1.0,0.5555555555555556,0.9629629629629629,1.0,0.6,0.2,1.0,104.0,3113,Divinópolis
3161908,São Gonçalo do Rio Abaixo,2718,2792,2.7225901398086827,3195,100.0,0.0,0.5,0.9166666666666666,0.5,0.7222222222222222,1.0,0.6153846153846154,0.07692307692307693,0.8974358974358975,173.0,3105,Ipatinga
3162005,São Gonçalo do Sapucaí,5197,4902,-5.676351741389263,5062,54.23728813559322,0.0,0.4782608695652174,0.9565217391304348,0.782608695652174,0.6956521739130436,1.0,0.7619047619047619,0.19047619047619047,0.746031746031746,143.7,3108,Varginha
3162104,São Gotardo,9587,8836,-7.8335245645144465,10043,160.7190412782956,4.866455409687641,0.4838709677419355,0.8064516129032258,0.9354838709677419,0.6666666666666666,0.8666667,0.9333333333333333,0.23333333333333334,0.8555555582046509,118.28571429,3112,Patos de Minas
3162203,São João Batista do Glória,1295,1307,0.9266409266409266,1348,100.0,0.0,1.0,1.0,1.0,0.9166666666666666,1.0,1.0,0.25,1.0,298.0,3108,Varginha
3162252,São João da Lagoa,917,1002,9.269356597600872,970,100.0,0.0,0.75,0.5,0.75,0.6666666666666666,0.5,0.75,0.25,0.8333333333333334,57.0,3102,Montes Claros
3162302,São João da Mata,496,496,0.0,532,100.0,0.0,0.3333333333333333,0.6666666666666666,1.0,0.4444444444444444,1.0,1.0,0.3333333333333333,0.7777777777777777,154.0,3109,Pouso Alegre
3162401,São João da Ponte,5300,4899,-7.566037735849057,4725,-43.391521197007485,0.0,0.30952380952380953,0.5238095238095238,0.38095238095238093,0.4444444444444445,0.6060606,0.3939393939393939,0.18181818181818182,0.5353535413742065,53.807692308,3102,Montes Claros
3162450,São João das Missões,4437,4574,3.0876718503493352,3968,100.0,0.4153913423699169,0.4375,0.9375,0.25,0.6458333333333334,0.88235295,0.23529411764705882,0.7647058823529411,0.7058823552786135,300.0,3102,Montes Claros
3162500,São João del Rei,17530,16177,-7.718197375926983,17914,128.38137472283816,3.7027879087593494,0.6363636363636364,0.9545454545454546,0.9242424242424242,0.7777777777777777,0.9117647,0.9264705882352942,0.2647058823529412,0.8676470506424998,156.5,3107,Barbacena
3162559,São João do Manhuaçu,2547,2646,3.8869257950530036,2758,100.0,0.0,0.7,0.4,0.4,0.6666666666666666,0.7777778,0.4444444444444444,0.1111111111111111,0.8518518562670107,205.75,3106,Juíz de Fora
3162575,São João do Manteninha,1040,1062,2.1153846153846154,1041,100.0,0.0,0.4,1.0,0.6,0.7999999999999999,1.0,0.8,0.4,0.9333333333333332,34.0,3104,Governador Valadares
3162609,São João do Oriente,1544,1429,-7.448186528497409,1363,-57.391304347826086,0.0,0.5,1.0,1.0,0.6666666666666666,1.0,1.0,0.2857142857142857,0.7619047619047619,175.0,3105,Ipatinga
3162658,São João do Pacuí,878,857,-2.3917995444191344,781,-361.9047619047619,0.0,0.5,0.75,0.5,0.6666666666666666,1.0,0.5,0.25,0.9583333333333334,301.2,3102,Montes Claros
3162708,São João do Paraíso,4312,4399,2.0176252319109462,4100,100.0,0.0,0.2692307692307692,0.7692307692307693,0.34615384615384615,0.5128205128205129,0.8888889,0.4444444444444444,0.2777777777777778,0.592592594800172,128.41176471,3102,Montes Claros
3162807,São João Evangelista,4217,4166,-1.2093905620109082,4039,-249.01960784313727,0.0,0.6111111111111112,1.0,0.7777777777777778,0.7777777777777778,0.9,0.8,0.25,0.7333333253860473,87.363636364,3104,Governador Valadares
3162906,São João Nepomuceno,5137,4900,-4.613587697099474,5003,43.459915611814345,3.346938775510204,0.41935483870967744,0.6774193548387096,0.9354838709677419,0.4946236559139785,0.9354839,0.9354838709677419,0.0967741935483871,0.870967742576394,54.416666667,3106,Juíz de Fora
3162922,São Joaquim de Bicas,6676,7029,5.287597363690833,7896,100.0,0.0,0.3157894736842105,0.8947368421052632,0.9473684210526315,0.5263157894736842,0.8947368,0.8947368421052632,0.21052631578947367,0.5964912228416979,120.75,3101,Belo Horizonte
3162948,São José da Barra,1641,1528,-6.886045094454602,1412,-102.65486725663717,0.0,0.7142857142857143,1.0,0.5714285714285714,0.8571428571428572,1.0,0.5714285714285714,0.2857142857142857,0.9047619047619048,90.0,3108,Varginha
3162955,São José da Lapa,5814,6062,4.265565875472997,6226,100.0,0.0,0.26666666666666666,0.9333333333333333,1.0,0.5111111111111111,1.0,1.0,0.125,0.7291666666666666,154.0,3101,Belo Horizonte
3163003,São José da Safira,1006,878,-12.72365805168986,805,-57.03125,0.0,0.2,1.0,0.4,0.7333333333333334,1.0,0.4,0.4,0.7333333333333334,251.2,3104,Governador Valadares
3163102,São José da Varginha,808,787,-2.599009900990099,803,76.19047619047619,0.0,1.0,1.0,0.5,0.9166666666666666,1.0,0.5,0.125,0.7083333333333334,313.66666667,3113,Divinópolis
3163201,São José do Alegre,776,829,6.829896907216495,863,100.0,0.0,0.6666666666666666,1.0,1.0,0.8888888888888888,1.0,1.0,0.3333333333333333,1.0,150.0,3109,Pouso Alegre
3163300,São José do Divino,938,880,-6.183368869936034,745,-232.75862068965517,0.0,0.25,1.0,0.75,0.5,1.0,0.75,0.25,0.5833333333333334,107.66666667,3103,Teófilo Otoni
3163409,São José do Goiabal,1054,1064,0.9487666034155597,977,100.0,0.0,0.5,1.0,1.0,0.6666666666666666,1.0,1.0,0.3333333333333333,0.6666666666666666,237.0,3105,Ipatinga
3163508,São José do Jacuri,1337,1322,-1.1219147344801794,1270,-346.6666666666667,0.0,0.2222222222222222,0.7777777777777778,0.3333333333333333,0.40740740740740744,1.0,0.375,0.25,0.6666666666666666,164.66666667,3104,Governador Valadares
3163607,São José do Mantimento,599,636,6.176961602671119,658,100.0,0.0,0.14285714285714285,0.14285714285714285,0.42857142857142855,0.14285714285714285,0.85714287,0.42857142857142855,0.14285714285714285,0.809523812362126,0.0,3106,Juíz de Fora
3163706,São Lourenço,9731,8806,-9.505703422053232,8999,20.864864864864867,4.735407676584147,0.53125,1.0,1.0,0.75,0.9354839,1.0,0.1935483870967742,0.838709678060265,130.61111111,3109,Pouso Alegre
3163805,São Miguel do Anta,1148,1183,3.048780487804878,1122,100.0,0.0,0.5,0.8333333333333334,0.6666666666666666,0.5555555555555556,0.8333333,0.6666666666666666,0.3333333333333333,0.7777777711550394,173.33333333,3106,Juíz de Fora
3163904,São Pedro da União,867,851,-1.845444059976932,937,537.5,0.0,0.2,0.6,0.8,0.5333333333333333,0.75,0.75,0.25,0.9166666666666666,193.33333333,3108,Varginha
3164001,São Pedro dos Ferros,1330,1297,-2.481203007518797,1273,-72.72727272727273,0.0,0.5,0.625,0.75,0.5833333333333334,0.625,0.75,0.375,0.75,184.4,3106,Juíz de Fora
3164100,São Pedro do Suaçuí,1128,1112,-1.4184397163120568,1018,-587.5,0.0,0.375,1.0,0.75,0.7916666666666666,1.0,0.75,0.25,0.7916666666666666,197.6,3104,Governador Valadares
3164209,São Romão,1847,1797,-2.707092582566324,1581,-432.0,0.0,0.5555555555555556,0.5555555555555556,0.5555555555555556,0.5555555555555556,1.0,0.625,0.25,0.6666666666666666,305.0,3102,Montes Claros
3164308,São Roque de Minas,1353,1299,-3.9911308203991127,1396,179.62962962962962,0.0,0.375,1.0,0.625,0.7083333333333334,1.0,0.6666666666666666,0.2222222222222222,0.5185185185185185,132.0,3108,Varginha
3164407,São Sebastião da Bela Vista,1310,1351,3.1297709923664123,1437,100.0,0.0,0.5,0.8333333333333334,0.6666666666666666,0.6111111111111112,1.0,0.6666666666666666,0.16666666666666666,0.9444444444444445,205.0,3109,Pouso Alegre
3164431,São Sebastião da Vargem Alegre,725,746,2.896551724137931,711,100.0,0.0,0.2,0.8,0.8,0.39999999999999997,1.0,0.8,0.2,0.7333333333333334,244.0,3106,Juíz de Fora
3164472,São Sebastião do Anta,1447,1437,-0.691085003455425,1376,-610.0,0.0,0.6,0.4,0.8,0.5333333333333333,0.6,1.0,0.2,0.8000000079472859,72.333333333,3105,Ipatinga
3164506,São Sebastião do Maranhão,2056,1842,-10.408560311284047,1762,-37.38317757009346,0.0,0.5555555555555556,0.5555555555555556,0.3333333333333333,0.48148148148148145,0.5555556,0.3333333333333333,0.2777777777777778,0.4074074162377251,116.8125,3104,Governador Valadares
3164605,São Sebastião do Oeste,1752,1713,-2.2260273972602738,2037,830.7692307692308,0.0,0.4,1.0,1.0,0.6,1.0,1.0,0.25,0.9166666666666666,0.0,3113,Divinópolis
3164704,São Sebastião do Paraíso,14293,13669,-4.365773455537676,14827,185.5769230769231,5.274709195990929,0.5333333333333333,0.9333333333333333,0.9111111111111111,0.7185185185185187,1.0,0.9166666666666666,0.1875,0.8819444444444443,100.48,3108,Varginha
3164803,São Sebastião do Rio Preto,324,309,-4.62962962962963,260,-326.6666666666667,0.0,0.5,0.5,1.0,0.3333333333333333,1.0,1.0,0.5,1.0,,3101,Belo Horizonte
3164902,São Sebastião do Rio Verde,429,434,1.1655011655011656,459,100.0,0.0,0.6666666666666666,1.0,1.0,0.7777777777777777,1.0,1.0,0.3333333333333333,1.0,0.0,3109,Pouso Alegre
3165008,São Tiago,2100,1959,-6.714285714285714,2147,133.33333333333331,0.0,0.4444444444444444,0.8888888888888888,0.7777777777777778,0.6296296296296297,0.8888889,0.7777777777777778,0.3333333333333333,0.8518518540594312,105.2,3107,Barbacena
3165107,São Tomás de Aquino,1491,1391,-6.70690811535882,1383,-8.0,0.0,0.75,1.0,1.0,0.8333333333333334,1.0,1.0,0.25,0.9166666666666666,153.0,3108,Varginha
3165206,São Tomé das Letras,1312,1217,-7.240853658536585,1255,40.0,0.0,0.5714285714285714,1.0,0.5714285714285714,0.7142857142857143,1.0,0.7142857142857143,0.2857142857142857,0.7619047619047619,78.5,3108,Varginha
3165305,São Vicente de Minas,1380,1220,-11.594202898550725,1231,6.875000000000001,0.0,0.75,1.0,1.0,0.8333333333333334,1.0,1.0,0.25,0.8333333333333334,169.0,3107,Barbacena
3165404,Sapucaí-Mirim,1381,1241,-10.137581462708182,1299,41.42857142857143,0.0,0.875,1.0,0.5,0.8333333333333334,1.0,0.5,0.125,0.9583333333333334,0.0,3109,Pouso Alegre
3165503,Sardoá,1097,1033,-5.834092980856882,1099,103.125,0.0,0.5,0.875,0.375,0.75,1.0,0.5,0.16666666666666666,1.0,136.0,3104,Governador Valadares
3165537,Sarzedo,8029,7822,-2.578154191057417,8526,340.0966183574879,0.0,0.22727272727272727,0.9545454545454546,1.0,0.5757575757575758,0.95,1.0,0.15,0.7333333293596903,122.5,3101,Belo Horizonte
3165552,Setubinha,3130,3079,-1.6293929712460065,2601,-937.2549019607843,0.0,0.17647058823529413,0.4117647058823529,0.23529411764705882,0.29411764705882354,1.0,0.23529411764705882,0.35294117647058826,0.7254901960784313,167.35714286,3103,Teófilo Otoni
3165560,Sem-Peixe,490,498,1.6326530612244898,445,100.0,0.0,0.4,1.0,0.6,0.6666666666666666,1.0,0.6,0.2,0.7999999999999999,150.0,3106,Juíz de Fora
3165578,Senador Amaral,1599,1565,-2.1263289555972484,1824,761.7647058823529,0.0,0.0,0.75,1.0,0.25,1.0,1.0,0.25,0.75,137.5,3109,Pouso Alegre
3165602,Senador Cortes,566,501,-11.484098939929329,524,35.38461538461539,0.0,0.2,0.8,0.8,0.5333333333333333,1.0,0.8,0.2,0.6666666666666666,309.0,3106,Juíz de Fora
3165701,Senador Firmino,1426,1583,11.009817671809257,1512,100.0,0.0,0.8,1.0,0.8,0.9333333333333332,1.0,0.8333333333333334,0.16666666666666666,1.0,50.0,3106,Juíz de Fora
3165800,Senador José Bento,264,251,-4.924242424242424,252,7.6923076923076925,0.0,1.0,1.0,1.0,1.0,1.0,1.0,0.3333333333333333,0.8888888888888888,135.0,3109,Pouso Alegre
3165909,Senador Modestino Gonçalves,886,849,-4.17607223476298,685,-443.2432432432432,0.0,0.0,0.2,0.4,0.10000000000000002,0.4,0.4,0.1,0.26666666865348815,130.0,3103,Teófilo Otoni
3166006,Senhora de Oliveira,1102,1036,-5.9891107078039925,943,-140.9090909090909,0.0,0.25,0.75,0.75,0.5833333333333334,1.0,0.75,0.25,0.6666666666666666,0.0,3107,Barbacena
3166105,Senhora do Porto,719,696,-3.1988873435326846,579,-508.69565217391306,0.0,0.16666666666666666,0.5,0.8333333333333334,0.27777777777777773,0.8,1.0,0.2,0.7333333373069763,152.0,3104,Governador Valadares
3166204,Senhora dos Remédios,1514,1382,-8.718626155878468,1385,2.272727272727273,0.0,0.8571428571428571,0.8571428571428571,0.2857142857142857,0.7142857142857143,1.0,0.4,0.4,0.9333333333333332,78.0,3107,Barbacena
3166303,Sericita,1510,1515,0.33112582781456956,1483,100.0,0.0,0.25,0.375,0.375,0.25,0.85714287,0.42857142857142855,0.14285714285714285,0.6190476218859354,134.0,3106,Juíz de Fora
3166402,Seritinga,303,322,6.270627062706271,339,100.0,0.0,0.3333333333333333,0.6666666666666666,0.6666666666666666,0.4444444444444444,1.0,1.0,0.3333333333333333,0.7777777777777777,136.0,3109,Pouso Alegre
3166501,Serra Azul de Minas,1125,1326,17.866666666666667,970,100.0,0.0,0.08333333333333333,0.16666666666666666,0.25,0.1111111111111111,0.5833333,0.25,0.08333333333333333,0.4166666600439284,33.636363636,3103,Teófilo Otoni
3166600,Serra da Saudade,121,116,-4.132231404958678,96,-400.0,0.0,0.5,1.0,1.0,0.8333333333333334,1.0,1.0,0.0,0.8333333333333334,,3113,Divinópolis
3166709,Serra dos Aimorés,1666,1813,8.823529411764707,1832,100.0,0.0,0.2,0.8,0.7,0.43333333333333335,0.6666667,0.6666666666666666,0.2222222222222222,0.8148148214375531,142.0,3103,Teófilo Otoni
3166808,Serra do Salitre,2945,2750,-6.621392190152801,3066,162.05128205128204,0.0,0.42857142857142855,0.6428571428571429,0.7857142857142857,0.5476190476190476,0.9230769,0.8461538461538461,0.23076923076923078,0.8205128220411447,70.444444444,3112,Patos de Minas
3166907,Serrania,1606,1502,-6.47571606475716,1429,-70.1923076923077,0.0,0.6,1.0,1.0,0.8000000000000002,1.0,1.0,0.2,0.9333333333333332,120.0,3108,Varginha
3166956,Serranópolis de Minas,951,973,2.3133543638275498,889,100.0,0.0,0.1111111111111111,0.4444444444444444,0.4444444444444444,0.22222222222222224,1.0,0.5714285714285714,0.14285714285714285,0.8095238095238094,156.6,3102,Montes Claros
3167004,Serranos,337,339,0.5934718100890208,329,100.0,0.0,0.5,1.0,1.0,0.8333333333333334,1.0,1.0,0.3333333333333333,1.0,,3109,Pouso Alegre
3167103,Serro,4893,4541,-7.193950541590026,4679,39.20454545454545,3.5895177273728254,0.2222222222222222,0.5277777777777778,0.5277777777777778,0.39814814814814814,0.57894737,0.5526315789473685,0.2631578947368421,0.4649122796560589,244.11538462,3103,Teófilo Otoni
3167202,Sete Lagoas,46686,43669,-6.462322752002741,45889,73.58302949950281,1.8479928553436074,0.4453125,0.9140625,0.921875,0.7083333333333334,0.9147287,0.9302325581395349,0.2558139534883721,0.7958656393896394,105.78461538,3101,Belo Horizonte
3167301,Silveirânia,478,472,-1.2552301255230125,539,1116.6666666666665,0.0,0.6666666666666666,1.0,0.6666666666666666,0.8888888888888888,1.0,0.6666666666666666,0.3333333333333333,0.8888888888888888,224.0,3106,Juíz de Fora
3167400,Silvianópolis,988,1003,1.5182186234817814,1033,100.0,0.0,0.0,1.0,1.0,0.4444444444444444,1.0,1.0,0.3333333333333333,0.8888888888888888,133.0,3109,Pouso Alegre
3167509,Simão Pereira,480,521,8.541666666666666,434,100.0,0.0,0.5,0.75,0.75,0.5833333333333334,1.0,1.0,0.3333333333333333,1.0,299.0,3106,Juíz de Fora
3167608,Simonésia,4075,3939,-3.3374233128834354,4387,329.4117647058823,0.0,0.2903225806451613,0.3548387096774194,0.2903225806451613,0.3118279569892473,0.4516129,0.2903225806451613,0.16129032258064516,0.41935483422330627,150.08,3106,Juíz de Fora
3167707,Sobrália,1100,1026,-6.7272727272727275,974,-70.27027027027027,0.0,0.16666666666666666,0.3333333333333333,0.6666666666666666,0.2222222222222222,0.2857143,0.7142857142857143,0.14285714285714285,0.23809524235271273,284.0,3104,Governador Valadares
3167806,Soledade de Minas,1035,1011,-2.318840579710145,924,-362.5,0.0,0.6,1.0,0.8,0.6666666666666666,1.0,0.8,0.2,0.7999999999999999,50.333333333,3109,Pouso Alegre
3167905,Tabuleiro,669,686,2.5411061285500747,645,100.0,0.0,0.0,0.6666666666666666,0.6666666666666666,0.4444444444444444,1.0,1.0,0.5,0.6666666666666666,,3106,Juíz de Fora
3168002,Taiobeiras,7211,6996,-2.9815559561780614,7297,140.0,0.0,0.5,0.8636363636363636,0.8181818181818182,0.6666666666666666,0.8181818,0.8181818181818182,0.18181818181818182,0.7575757557695563,77.625,3102,Montes Claros
3168051,Taparuba,652,681,4.447852760736196,623,100.0,0.0,0.16666666666666666,0.5,0.5,0.27777777777777773,0.5714286,0.5714285714285714,0.14285714285714285,0.4285714370863778,115.0,3106,Juíz de Fora
3168101,Tapira,1003,1020,1.694915254237288,1105,100.0,0.0,0.4,0.8,0.8,0.6000000000000001,0.8333333,0.8333333333333334,0.16666666666666666,0.6666666600439283,190.0,3110,Uberaba
3168200,Tapiraí,265,276,4.150943396226415,276,100.0,0.0,0.25,1.0,1.0,0.5833333333333334,1.0,1.0,0.25,0.75,155.0,3113,Divinópolis
3168309,Taquaraçu de Minas,897,872,-2.787068004459309,862,-40.0,0.0,0.75,1.0,1.0,0.8333333333333334,1.0,1.0,0.25,0.9166666666666666,121.0,3101,Belo Horizonte
3168408,Tarumirim,2524,2448,-3.011093502377179,2169,-367.10526315789474,0.0,0.4,0.8,0.68,0.6000000000000001,0.8695652,0.7391304347826086,0.43478260869565216,0.7681159325267958,92.0,3104,Governador Valadares
3168507,Teixeiras,2174,2070,-4.783808647654094,2053,-16.346153846153847,0.0,0.3076923076923077,0.6153846153846154,0.7692307692307693,0.4615384615384615,1.0,0.7692307692307693,0.15384615384615385,0.8717948717948718,162.0,3106,Juíz de Fora
3168606,Teófilo Otoni,32472,29041,-10.566026114806602,33473,129.175167589624,2.9200096415412693,0.4263565891472868,0.7209302325581395,0.751937984496124,0.5348837209302325,0.7692308,0.7538461538461538,0.27692307692307694,0.6435897481747163,137.38571429,3103,Teófilo Otoni
3168705,Timóteo,17273,16255,-5.893591153823887,16271,1.5717092337917484,0.06151953245155337,0.3898305084745763,0.9322033898305084,1.0,0.6045197740112994,0.94827586,1.0,0.1896551724137931,0.7068965524092489,42.35,3105,Ipatinga
3168804,Tiradentes,1134,1111,-2.0282186948853616,1136,108.69565217391303,0.0,0.2,1.0,0.9,0.5333333333333333,0.9166667,0.9166666666666666,0.08333333333333333,0.6388888955116272,312.0,3107,Barbacena
3168903,Tiros,1332,1379,3.5285285285285286,1327,100.0,0.0,0.25,0.625,0.75,0.3333333333333333,0.625,0.75,0.125,0.8333333333333334,170.16666667,3112,Patos de Minas
3169000,Tocantins,3075,2862,-6.926829268292684,2742,-56.33802816901409,0.0,0.3333333333333333,1.0,1.0,0.611111111111111,1.0,1.0,0.16666666666666666,0.638888888888889,101.6,3106,Juíz de Fora
3169059,Tocos do Moji,672,658,-2.083333333333333,650,-57.14285714285714,0.0,0.6,0.8,0.6,0.6,1.0,0.6,0.2,0.7333333333333334,116.66666667,3109,Pouso Alegre
3169109,Toledo,1405,1455,3.558718861209965,1649,100.0,0.0,0.0,0.3333333333333333,0.5,0.2222222222222222,0.6666667,0.5,0.3333333333333333,0.4444444510671827,116.0,3109,Pouso Alegre
3169208,Tombos,1708,1545,-9.543325526932083,1609,39.263803680981596,0.0,0.45454545454545453,1.0,1.0,0.6969696969696969,1.0,1.0,0.16666666666666666,0.6944444444444443,57.5,3106,Juíz de Fora
3169307,Três Corações,16162,14658,-9.305778987749042,15789,75.19946808510637,0.0,0.559322033898305,0.8983050847457628,0.9322033898305084,0.6553672316384181,0.9464286,0.9464285714285714,0.14285714285714285,0.8154761989911398,135.38888889,3108,Varginha
3169356,Três Marias,6454,6059,-6.120235512860242,6416,90.37974683544304,0.7261924409968642,0.3793103448275862,0.8620689655172413,0.9655172413793104,0.6091954022988505,0.9259259,0.9629629629629629,0.18518518518518517,0.8765432047255245,88.666666667,3101,Belo Horizonte
3169406,Três Pontas,11686,10287,-11.971589936676365,11156,62.11579699785561,0.0,0.3235294117647059,0.9705882352941176,0.9117647058823529,0.676470588235294,0.9375,0.90625,0.21875,0.84375,76.727272727,3108,Varginha
3169505,Tumiritinga,1502,1480,-1.4647137150466045,1259,-1004.5454545454545,0.0,0.75,0.875,0.75,0.5833333333333334,1.0,0.75,0.375,0.7916666666666666,23.25,3104,Governador Valadares
3169604,Tupaciguara,4972,5042,1.407884151246983,5485,100.0,0.0,0.42105263157894735,0.9473684210526315,0.8421052631578947,0.7368421052631579,1.0,0.8571428571428571,0.19047619047619047,0.9523809523809524,111.61538462,3111,Uberlândia
3169703,Turmalina,4884,4779,-2.14987714987715,4769,-9.523809523809524,7.846829880728186,0.4,0.64,0.68,0.45333333333333337,0.95652175,0.7391304347826086,0.2608695652173913,0.6956521773683851,180.16666667,3103,Teófilo Otoni
3169802,Turvolândia,1106,1022,-7.59493670886076,1147,148.80952380952382,0.0,0.75,0.5,1.0,0.5,0.6666667,1.0,0.3333333333333333,0.777777784400516,0.0,3109,Pouso Alegre
3169901,Ubá,21967,20937,-4.688851459006692,22072,110.19417475728154,5.296842909681425,0.4925373134328358,0.9402985074626866,0.8656716417910447,0.7313432835820896,0.94285715,0.8714285714285714,0.24285714285714285,0.7285714297067551,93.272727273,3106,Juíz de Fora
3170008,Ubaí,2853,2857,0.14020329477742727,2656,100.0,0.0,0.21052631578947367,0.7368421052631579,0.47368421052631576,0.43859649122807015,0.42105263,0.47368421052631576,0.2631578947368421,0.33333333437902884,293.0,3102,Montes Claros
3170057,Ubaporanga,2711,2778,2.471412762818148,2622,100.0,0.0,0.5,0.5,0.6428571428571429,0.5476190476190476,0.71428573,0.6428571428571429,0.2857142857142857,0.8095238152004424,76.857142857,3105,Ipatinga
3170107,Uberaba,67375,64407,-4.405194805194805,70448,203.53773584905662,2.325834148462124,0.6626506024096386,1.0,0.9337349397590361,0.7931726907630523,1.0,0.9441340782122905,0.22905027932960895,0.8845437616387337,87.412698413,3110,Uberaba
3170206,Uberlândia,149443,143129,-4.225022249285681,156805,216.59803611023122,1.661438282947551,0.6804733727810651,0.9822485207100592,0.9526627218934911,0.717948717948718,0.9807692,0.9532967032967034,0.18406593406593408,0.8159340613490933,56.447368421,3111,Uberlândia
3170305,Umburatiba,675,676,0.14814814814814814,538,100.0,0.0,1.0,0.6666666666666666,0.6666666666666666,0.6666666666666666,1.0,0.6666666666666666,0.3333333333333333,0.6666666666666666,290.0,3103,Teófilo Otoni
3170404,Unaí,19117,18143,-5.094941674948998,18904,78.13141683778234,5.649561814473902,0.5,0.9166666666666666,0.7916666666666666,0.7013888888888888,0.9074074,0.8148148148148148,0.25925925925925924,0.777777776306058,73.464285714,3112,Patos de Minas
3170438,União de Minas,811,703,-13.316892725030826,673,-27.77777777777778,0.0,1.0,1.0,1.0,1.0,1.0,1.0,0.3333333333333333,0.8888888888888888,284.0,3110,Uberaba
3170479,Uruana de Minas,767,800,4.3024771838331155,724,100.0,0.0,0.6,0.8,1.0,0.6666666666666666,1.0,1.0,0.2,1.0,135.5,3112,Patos de Minas
3170503,Urucânia,2081,2023,-2.787121576165305,1878,-250.0,0.0,0.25,1.0,0.875,0.5416666666666666,1.0,0.8888888888888888,0.3333333333333333,0.6296296296296297,183.75,3106,Juíz de Fora
3170529,Urucuia,2218,2160,-2.6149684400360687,1860,-517.2413793103449,0.0,0.2727272727272727,0.7272727272727273,0.5454545454545454,0.5454545454545454,0.8,0.7,0.1,0.7000000039736429,,3112,Patos de Minas
3170578,Vargem Alegre,1194,1083,-9.296482412060302,1059,-21.62162162162162,0.0,0.3333333333333333,1.0,1.0,0.5555555555555555,1.0,1.0,0.3333333333333333,0.6666666666666666,124.0,3105,Ipatinga
3170602,Vargem Bonita,475,471,-0.8421052631578947,455,-400.0,0.0,0.2,0.8,0.6,0.4666666666666666,1.0,0.6,0.2,0.4666666666666666,123.0,3108,Varginha
3170651,Vargem Grande do Rio Pardo,1018,1015,-0.29469548133595286,950,-2166.666666666667,0.0,0.0,0.3333333333333333,0.8333333333333334,0.27777777777777773,0.16666667,0.8333333333333334,0.16666666666666666,0.6666666683223513,152.0,3102,Montes Claros
3170701,Varginha,27251,25577,-6.14289383875821,29001,204.5400238948626,0.23849552332173438,0.6301369863013698,0.9315068493150684,0.9452054794520548,0.7260273972602741,0.92,0.9466666666666667,0.2,0.857777783340878,89.103448276,3108,Varginha
3170750,Varjão de Minas,1608,1694,5.348258706467662,1744,100.0,0.0,0.14285714285714285,0.8571428571428571,0.8571428571428571,0.38095238095238093,1.0,0.875,0.125,0.6666666666666666,131.75,3112,Patos de Minas
3170800,Várzea da Palma,7185,6695,-6.819763395963814,6961,54.285714285714285,4.749813293502614,0.41935483870967744,0.9032258064516129,0.8387096774193549,0.7096774193548386,0.96875,0.8125,0.21875,0.8229166666666666,76.8,3102,Montes Claros
3170909,Varzelândia,5106,5080,-0.509204857030944,4891,-726.9230769230769,0.0,0.3333333333333333,0.6944444444444444,0.2777777777777778,0.46296296296296297,0.7741935,0.25806451612903225,0.3870967741935484,0.5806451535994007,282.84,3102,Montes Claros
3171006,Vazante,4571,4461,-2.4064756070881645,4602,128.1818181818182,2.308899349921542,0.4782608695652174,0.782608695652174,0.8695652173913043,0.6231884057971014,0.95652175,0.9130434782608695,0.21739130434782608,0.8260869599770809,153.0,3112,Patos de Minas
3171030,Verdelândia,2220,2146,-3.3333333333333335,2086,-81.08108108108108,0.0,0.4,0.4,0.4666666666666667,0.4000000000000001,0.6923077,0.5384615384615384,0.23076923076923078,0.7435897497030405,186.8,3102,Montes Claros
3171071,Veredinha,1299,1226,-5.619707467282526,1146,-109.58904109589041,0.0,0.4444444444444444,0.6666666666666666,0.6666666666666666,0.6296296296296297,0.85714287,0.8571428571428571,0.2857142857142857,0.8095238123621259,0.0,3103,Teófilo Otoni
3171105,Veríssimo,695,619,-10.93525179856115,495,-163.1578947368421,0.0,0.3333333333333333,0.6666666666666666,1.0,0.6666666666666666,0.75,0.75,0.25,0.75,292.0,3110,Uberaba
3171154,Vermelho Novo,1068,1056,-1.1235955056179776,1080,200.0,0.0,0.3333333333333333,1.0,1.0,0.6666666666666666,1.0,1.0,0.3333333333333333,0.7777777777777777,178.0,3105,Ipatinga
3171204,Vespasiano,26261,25607,-2.4903849815315486,27914,352.7522935779817,3.178818291873316,0.5833333333333334,0.95,1.0,0.7888888888888889,0.9701493,1.0,0.208955223880597,0.8208955306911943,9.0,3101,Belo Horizonte
3171303,Viçosa,17209,16045,-6.7639026090998895,16478,37.19931271477663,5.777500779058896,0.375,0.90625,0.9375,0.6510416666666666,0.9117647,0.9411764705882353,0.14705882352941177,0.7401960702503428,85.615384615,3106,Juíz de Fora
3171402,Vieiras,729,714,-2.05761316872428,699,-100.0,0.0,0.14285714285714285,0.8571428571428571,0.7142857142857143,0.42857142857142855,1.0,1.0,0.2,0.4666666666666666,142.0,3106,Juíz de Fora
3171501,Mathias Lobato,794,885,11.460957178841308,801,100.0,0.0,0.5,1.0,1.0,0.6666666666666666,1.0,1.0,0.25,0.9166666666666666,123.0,3104,Governador Valadares
3171600,Virgem da Lapa,2407,2291,-4.819277108433735,2058,-200.86206896551727,0.0,0.3333333333333333,0.5555555555555556,0.3333333333333333,0.5925925925925926,0.6875,0.375,0.25,0.6875,108.53846154,3103,Teófilo Otoni
3171709,Virgínia,1559,1556,-0.19243104554201412,1529,-900.0,0.0,0.36363636363636365,0.45454545454545453,0.36363636363636365,0.5151515151515151,0.6,0.3,0.2,0.6333333412806194,27.0,3109,Pouso Alegre
3171808,Virginópolis,2232,2207,-1.1200716845878136,1980,-908.0,0.0,0.45454545454545453,0.7272727272727273,0.7272727272727273,0.5454545454545455,1.0,0.7,0.3,0.9666666666666667,238.0,3104,Governador Valadares
3171907,Virgolândia,1005,984,-2.0895522388059704,827,-747.6190476190476,0.0,0.3333333333333333,0.6666666666666666,1.0,0.5555555555555555,0.6666667,1.0,0.5,0.6666666732894049,52.5,3104,Governador Valadares
3172004,Visconde do Rio Branco,8396,8444,0.5717008099094807,8718,100.0,7.366177167219328,0.4,0.7428571428571429,0.7428571428571429,0.6095238095238095,0.94285715,0.7714285714285715,0.2857142857142857,0.6476190487543741,118.90909091,3106,Juíz de Fora
3172103,Volta Grande,947,871,-8.025343189017951,842,-38.15789473684211,0.0,0.16666666666666666,0.5,0.8333333333333334,0.38888888888888884,0.42857143,0.8571428571428571,0.14285714285714285,0.5714285728477296,286.5,3106,Juíz de Fora
3172202,Wenceslau Braz,493,502,1.8255578093306288,443,100.0,0.0,0.3333333333333333,0.6666666666666666,1.0,0.6666666666666666,1.0,0.6666666666666666,0.3333333333333333,0.8888888888888888,0.0,3109,Pouso Alegre
